variant,backend,precision,threshold,f1,precision_metric,recall,true_positives,false_positives,false_negatives,total_detections
baseline,ONNX_Runtime,INT8,0.3,0.5387283236994218,0.3739967897271267,0.9628099173553708,932,1560,36,2492
baseline,ONNX_Runtime,INT8,0.301,0.5410740203193032,0.3762616067823979,0.9628099173553708,932,1545,36,2477
baseline,ONNX_Runtime,INT8,0.302,0.543281842028563,0.3784003248071456,0.9628099173553708,932,1531,36,2463
baseline,ONNX_Runtime,INT8,0.303,0.5443925233644858,0.3794788273615633,0.9628099173553708,932,1524,36,2456
baseline,ONNX_Runtime,INT8,0.304,0.5475910693301996,0.3825944170771755,0.9628099173553708,932,1504,36,2436
baseline,ONNX_Runtime,INT8,0.305,0.5498525073746311,0.3848059454995869,0.9628099173553708,932,1490,36,2422
baseline,ONNX_Runtime,INT8,0.306,0.5516424977804083,0.3865615927001243,0.9628099173553708,932,1479,36,2411
baseline,ONNX_Runtime,INT8,0.307,0.5537730243612595,0.3886572143452876,0.9628099173553708,932,1466,36,2398
baseline,ONNX_Runtime,INT8,0.308,0.5549270616254837,0.3897950648264323,0.9628099173553708,932,1459,36,2391
baseline,ONNX_Runtime,INT8,0.309,0.5562518651148909,0.39110365086026,0.9628099173553708,932,1451,36,2383
baseline,ONNX_Runtime,INT8,0.31,0.5577498503889885,0.3925863521482728,0.9628099173553708,932,1442,36,2374
baseline,ONNX_Runtime,INT8,0.311,0.56043295249549,0.395250212044105,0.9628099173553708,932,1426,36,2358
baseline,ONNX_Runtime,INT8,0.312,0.5616892911010557,0.3966766084363015,0.9617768595041312,931,1416,37,2347
baseline,ONNX_Runtime,INT8,0.313,0.5632183908045976,0.3982035928143711,0.9617768595041312,931,1407,37,2338
baseline,ONNX_Runtime,INT8,0.314,0.5657854755393495,0.400774860094705,0.9617768595041312,931,1392,37,2323
baseline,ONNX_Runtime,INT8,0.315,0.5682026243515409,0.4032048505846685,0.9617768595041312,931,1378,37,2309
baseline,ONNX_Runtime,INT8,0.316,0.5688970363580811,0.4039045553145334,0.9617768595041312,931,1374,37,2305
baseline,ONNX_Runtime,INT8,0.317,0.5708154506437767,0.4058413251961637,0.9617768595041312,931,1363,37,2294
baseline,ONNX_Runtime,INT8,0.318,0.5725707257072569,0.407618213660245,0.9617768595041312,931,1353,37,2284
baseline,ONNX_Runtime,INT8,0.319,0.574074074074074,0.4093309859154928,0.9607438016528916,930,1342,38,2272
baseline,ONNX_Runtime,INT8,0.32,0.5755885997521684,0.4110619469026547,0.959710743801652,929,1331,39,2260
baseline,ONNX_Runtime,INT8,0.321,0.5783733250233716,0.4141008478357874,0.9586776859504124,928,1313,40,2241
baseline,ONNX_Runtime,INT8,0.322,0.5801813066583306,0.4159569699686237,0.9586776859504124,928,1303,40,2231
baseline,ONNX_Runtime,INT8,0.323,0.5815558343789208,0.4175675675675674,0.9576446280991724,927,1293,41,2220
baseline,ONNX_Runtime,INT8,0.324,0.5833857772183761,0.4194570135746605,0.9576446280991724,927,1283,41,2210
baseline,ONNX_Runtime,INT8,0.325,0.5852272727272726,0.4213636363636361,0.9576446280991724,927,1273,41,2200
baseline,ONNX_Runtime,INT8,0.326,0.5881979695431471,0.4244505494505493,0.9576446280991724,927,1257,41,2184
baseline,ONNX_Runtime,INT8,0.327,0.5893197711379528,0.4256198347107436,0.9576446280991724,927,1251,41,2178
baseline,ONNX_Runtime,INT8,0.328,0.5898089171974521,0.4263351749539593,0.9566115702479328,926,1246,42,2172
baseline,ONNX_Runtime,INT8,0.329,0.5920716112531967,0.4287037037037035,0.9566115702479328,926,1234,42,2160
baseline,ONNX_Runtime,INT8,0.33,0.59397049390635,0.4306976744186044,0.9566115702479328,926,1224,42,2150
baseline,ONNX_Runtime,INT8,0.331,0.5956213779781068,0.4326473339569689,0.9555785123966932,925,1213,43,2138
baseline,ONNX_Runtime,INT8,0.332,0.5969667634720875,0.4340685124354761,0.9555785123966932,925,1206,43,2131
baseline,ONNX_Runtime,INT8,0.333,0.5983182406209572,0.4354990583804141,0.9555785123966932,925,1199,43,2124
baseline,ONNX_Runtime,INT8,0.334,0.599870298313878,0.4371455576559544,0.9555785123966932,925,1191,43,2116
baseline,ONNX_Runtime,INT8,0.335,0.6014304291287385,0.4388045540796962,0.9555785123966932,925,1183,43,2108
baseline,ONNX_Runtime,INT8,0.336,0.6028022157054413,0.4402665397429793,0.9555785123966932,925,1176,43,2101
baseline,ONNX_Runtime,INT8,0.337,0.6039830231798888,0.4415274463007158,0.9555785123966932,925,1170,43,2095
baseline,ONNX_Runtime,INT8,0.338,0.6055646481178394,0.443219932918064,0.9555785123966932,925,1162,43,2087
baseline,ONNX_Runtime,INT8,0.339,0.6069553805774276,0.4447115384615382,0.9555785123966932,925,1155,43,2080
baseline,ONNX_Runtime,INT8,0.34,0.607752956636005,0.4455684007707127,0.9555785123966932,925,1151,43,2076
baseline,ONNX_Runtime,INT8,0.341,0.6093544137022396,0.4472920696324949,0.9555785123966932,925,1143,43,2068
baseline,ONNX_Runtime,INT8,0.342,0.6103596172880236,0.4483761512360638,0.9555785123966932,925,1138,43,2063
baseline,ONNX_Runtime,INT8,0.343,0.6117179741807347,0.4500730638090597,0.9545454545454536,924,1129,44,2053
baseline,ONNX_Runtime,INT8,0.344,0.6132890365448503,0.4520078354554356,0.9535123966942138,923,1119,45,2042
baseline,ONNX_Runtime,INT8,0.345,0.6151282905698099,0.4540088539104769,0.9535123966942138,923,1110,45,2033
baseline,ONNX_Runtime,INT8,0.346,0.6165664662658649,0.4555774925962486,0.9535123966942138,923,1103,45,2026
baseline,ONNX_Runtime,INT8,0.347,0.6184254606365157,0.4576103123450667,0.9535123966942138,923,1094,45,2017
baseline,ONNX_Runtime,INT8,0.348,0.6207128446536649,0.4601196410767695,0.9535123966942138,923,1083,45,2006
baseline,ONNX_Runtime,INT8,0.349,0.6221772834512974,0.4617308654327161,0.9535123966942138,923,1076,45,1999
baseline,ONNX_Runtime,INT8,0.35,0.6242813662495771,0.4640522875816991,0.9535123966942138,923,1066,45,1989
baseline,ONNX_Runtime,INT8,0.351,0.6253387533875336,0.4652217741935481,0.9535123966942138,923,1061,45,1984
baseline,ONNX_Runtime,INT8,0.352,0.6263997285374956,0.466397170288024,0.9535123966942138,923,1056,45,1979
baseline,ONNX_Runtime,INT8,0.353,0.6280653950953676,0.4684959349593494,0.9524793388429742,922,1046,46,1968
baseline,ONNX_Runtime,INT8,0.354,0.6297814207650271,0.4704081632653059,0.9524793388429742,922,1038,46,1960
baseline,ONNX_Runtime,INT8,0.355,0.6310380267214798,0.4720656073808301,0.9514462809917346,921,1030,47,1951
baseline,ONNX_Runtime,INT8,0.356,0.6310013717421122,0.4722792607802872,0.9504132231404948,920,1028,48,1948
baseline,ONNX_Runtime,INT8,0.357,0.6327022375215144,0.4744450180691789,0.9493801652892552,919,1018,49,1937
baseline,ONNX_Runtime,INT8,0.358,0.6348877374784109,0.4769071094966267,0.9493801652892552,919,1008,49,1927
baseline,ONNX_Runtime,INT8,0.359,0.6357661708751295,0.4778991159646383,0.9493801652892552,919,1004,49,1923
baseline,ONNX_Runtime,INT8,0.36,0.6370883882149044,0.4793948878455918,0.9493801652892552,919,998,49,1917
baseline,ONNX_Runtime,INT8,0.361,0.6384161167071898,0.4809000523286235,0.9493801652892552,919,992,49,1911
baseline,ONNX_Runtime,INT8,0.362,0.6395267919276268,0.4821615949632736,0.9493801652892552,919,987,49,1906
baseline,ONNX_Runtime,INT8,0.363,0.6422082459818307,0.4852164730728614,0.9493801652892552,919,975,49,1894
baseline,ONNX_Runtime,INT8,0.364,0.6437828371278457,0.4870164281928985,0.9493801652892552,919,968,49,1887
baseline,ONNX_Runtime,INT8,0.365,0.6458186929023189,0.489350372736954,0.9493801652892552,919,959,49,1878
baseline,ONNX_Runtime,INT8,0.366,0.6478674656327104,0.4917067950775813,0.9493801652892552,919,950,49,1869
baseline,ONNX_Runtime,INT8,0.367,0.6492405510420344,0.4932903918411162,0.9493801652892552,919,944,49,1863
baseline,ONNX_Runtime,INT8,0.368,0.650602409638554,0.4951456310679609,0.9483471074380156,918,936,50,1854
baseline,ONNX_Runtime,INT8,0.369,0.6517571884984024,0.4964845862628445,0.9483471074380156,918,931,50,1849
baseline,ONNX_Runtime,INT8,0.37,0.6538461538461536,0.4989130434782606,0.9483471074380156,918,922,50,1840
baseline,ONNX_Runtime,INT8,0.371,0.6554801856479826,0.5008183306055644,0.9483471074380156,918,915,50,1833
baseline,ONNX_Runtime,INT8,0.372,0.6573576799140707,0.5030136986301368,0.9483471074380156,918,907,50,1825
baseline,ONNX_Runtime,INT8,0.373,0.6578192252510758,0.5038461538461536,0.947314049586776,917,903,51,1820
baseline,ONNX_Runtime,INT8,0.374,0.6582914572864319,0.5044004400440042,0.947314049586776,917,901,51,1818
baseline,ONNX_Runtime,INT8,0.375,0.6592379583033786,0.5055126791620725,0.947314049586776,917,897,51,1814
baseline,ONNX_Runtime,INT8,0.376,0.6625722543352599,0.5094444444444441,0.947314049586776,917,883,51,1800
baseline,ONNX_Runtime,INT8,0.377,0.6640115858073857,0.511148272017837,0.947314049586776,917,877,51,1794
baseline,ONNX_Runtime,INT8,0.378,0.6652158142908957,0.5125768585802122,0.947314049586776,917,872,51,1789
baseline,ONNX_Runtime,INT8,0.379,0.6656987295825769,0.5131505316172353,0.947314049586776,917,870,51,1787
baseline,ONNX_Runtime,INT8,0.38,0.6669090909090907,0.514590347923681,0.947314049586776,917,865,51,1782
baseline,ONNX_Runtime,INT8,0.381,0.6678805535324106,0.5157480314960627,0.947314049586776,917,861,51,1778
baseline,ONNX_Runtime,INT8,0.382,0.6681238615664843,0.5160382667416993,0.947314049586776,917,860,51,1777
baseline,ONNX_Runtime,INT8,0.383,0.6700767263427108,0.5183719615602033,0.947314049586776,917,852,51,1769
baseline,ONNX_Runtime,INT8,0.384,0.6725339200586723,0.521318931210915,0.947314049586776,917,842,51,1759
baseline,ONNX_Runtime,INT8,0.385,0.6725403817914829,0.5216400911161728,0.946280991735536,916,840,52,1756
baseline,ONNX_Runtime,INT8,0.386,0.6728008833271989,0.5225843339050884,0.9442148760330568,914,835,54,1749
baseline,ONNX_Runtime,INT8,0.387,0.675036927621861,0.5252873563218388,0.9442148760330568,914,826,54,1740
baseline,ONNX_Runtime,INT8,0.388,0.6775389177168271,0.528323699421965,0.9442148760330568,914,816,54,1730
baseline,ONNX_Runtime,INT8,0.389,0.6800744878957167,0.5317414094350609,0.9431818181818172,913,804,55,1717
baseline,ONNX_Runtime,INT8,0.39,0.6810891458411038,0.5329830706363102,0.9431818181818172,913,800,55,1713
baseline,ONNX_Runtime,INT8,0.391,0.6815976110488986,0.5336060783167735,0.9431818181818172,913,798,55,1711
baseline,ONNX_Runtime,INT8,0.392,0.6821068360104592,0.5342305441778815,0.9431818181818172,913,796,55,1709
baseline,ONNX_Runtime,INT8,0.393,0.6826347305389219,0.5352112676056335,0.9421487603305776,912,792,56,1704
baseline,ONNX_Runtime,INT8,0.394,0.6846846846846845,0.5377358490566034,0.9421487603305776,912,784,56,1696
baseline,ONNX_Runtime,INT8,0.395,0.6854778028592925,0.5390532544378696,0.9411157024793378,911,779,57,1690
baseline,ONNX_Runtime,INT8,0.396,0.6867696946852617,0.5406528189910976,0.9411157024793378,911,774,57,1685
baseline,ONNX_Runtime,INT8,0.397,0.6880907372400754,0.5426356589147284,0.9400826446280982,910,767,58,1677
baseline,ONNX_Runtime,INT8,0.398,0.6893939393939391,0.5442583732057413,0.9400826446280982,910,762,58,1672
baseline,ONNX_Runtime,INT8,0.399,0.6901782328403486,0.5452366686638703,0.9400826446280982,910,759,58,1669
baseline,ONNX_Runtime,INT8,0.4,0.6922784328642066,0.5478627332931966,0.9400826446280982,910,751,58,1661
baseline,ONNX_Runtime,INT8,0.401,0.6933333333333331,0.549185274592637,0.9400826446280982,910,747,58,1657
baseline,ONNX_Runtime,INT8,0.402,0.6957186544342505,0.5521844660194172,0.9400826446280982,910,738,58,1648
baseline,ONNX_Runtime,INT8,0.403,0.697318007662835,0.5542021924482335,0.9400826446280982,910,732,58,1642
baseline,ONNX_Runtime,INT8,0.404,0.6994619523443503,0.5569155446756423,0.9400826446280982,910,724,58,1634
baseline,ONNX_Runtime,INT8,0.405,0.7021604938271603,0.5603448275862066,0.9400826446280982,910,714,58,1624
baseline,ONNX_Runtime,INT8,0.406,0.7035175879396982,0.5620753551575043,0.9400826446280982,910,709,58,1619
baseline,ONNX_Runtime,INT8,0.407,0.7037896365042534,0.5624227441285534,0.9400826446280982,910,708,58,1618
baseline,ONNX_Runtime,INT8,0.408,0.7036032545524988,0.5629262244265341,0.9380165289256188,908,705,60,1613
baseline,ONNX_Runtime,INT8,0.409,0.7047397047397045,0.5647571606475713,0.9369834710743792,907,699,61,1606
baseline,ONNX_Runtime,INT8,0.41,0.7056074766355138,0.5662499999999997,0.9359504132231397,906,694,62,1600
baseline,ONNX_Runtime,INT8,0.411,0.7072599531615923,0.5683814303638641,0.9359504132231397,906,688,62,1594
baseline,ONNX_Runtime,INT8,0.412,0.7100313479623822,0.5719696969696967,0.9359504132231397,906,678,62,1584
baseline,ONNX_Runtime,INT8,0.413,0.7103096824774595,0.572331017056222,0.9359504132231397,906,677,62,1583
baseline,ONNX_Runtime,INT8,0.414,0.7117046347211309,0.5741444866920149,0.9359504132231397,906,672,62,1578
baseline,ONNX_Runtime,INT8,0.415,0.7133858267716533,0.5763358778625951,0.9359504132231397,906,666,62,1572
baseline,ONNX_Runtime,INT8,0.416,0.714229404808829,0.5774378585086039,0.9359504132231397,906,663,62,1569
baseline,ONNX_Runtime,INT8,0.417,0.7150749802683501,0.5785440613026817,0.9359504132231397,906,660,62,1566
baseline,ONNX_Runtime,INT8,0.418,0.71563981042654,0.5792838874680304,0.9359504132231397,906,658,62,1564
baseline,ONNX_Runtime,INT8,0.419,0.7168316831683166,0.581245985870263,0.9349173553718998,905,652,63,1557
baseline,ONNX_Runtime,INT8,0.42,0.7177451369591105,0.5828497743391357,0.9338842975206602,904,647,64,1551
baseline,ONNX_Runtime,INT8,0.421,0.7195219123505974,0.5856031128404666,0.9328512396694204,903,639,65,1542
baseline,ONNX_Runtime,INT8,0.422,0.7218225419664266,0.5886571056062578,0.9328512396694204,903,631,65,1534
baseline,ONNX_Runtime,INT8,0.423,0.7221111555377846,0.5890410958904106,0.9328512396694204,903,630,65,1533
baseline,ONNX_Runtime,INT8,0.424,0.7241379310344825,0.5917431192660547,0.9328512396694204,903,623,65,1526
baseline,ONNX_Runtime,INT8,0.425,0.7241379310344825,0.5917431192660547,0.9328512396694204,903,623,65,1526
baseline,ONNX_Runtime,INT8,0.426,0.725663716814159,0.5942028985507243,0.9318181818181808,902,616,66,1518
baseline,ONNX_Runtime,INT8,0.427,0.7274929350020183,0.5970841616964874,0.9307851239669412,901,608,67,1509
baseline,ONNX_Runtime,INT8,0.428,0.7281553398058249,0.5984042553191485,0.9297520661157016,900,604,68,1504
baseline,ONNX_Runtime,INT8,0.429,0.7296311309282527,0.6004002668445627,0.9297520661157016,900,599,68,1499
baseline,ONNX_Runtime,INT8,0.43,0.7299270072992698,0.6008010680907874,0.9297520661157016,900,598,68,1498
baseline,ONNX_Runtime,INT8,0.431,0.7300813008130078,0.6018766756032168,0.927685950413222,898,594,70,1492
baseline,ONNX_Runtime,INT8,0.432,0.731568228105906,0.603900470746469,0.927685950413222,898,589,70,1487
baseline,ONNX_Runtime,INT8,0.433,0.733660130718954,0.6067567567567563,0.927685950413222,898,582,70,1480
baseline,ONNX_Runtime,INT8,0.434,0.7351616864510845,0.6088135593220335,0.927685950413222,898,577,70,1475
baseline,ONNX_Runtime,INT8,0.435,0.7355473554735544,0.6097892590074775,0.9266528925619824,897,574,71,1471
baseline,ONNX_Runtime,INT8,0.436,0.7370583401807721,0.6118690313778987,0.9266528925619824,897,569,71,1466
baseline,ONNX_Runtime,INT8,0.437,0.7388797364085664,0.6143835616438352,0.9266528925619824,897,563,71,1460
baseline,ONNX_Runtime,INT8,0.438,0.7398843930635836,0.6162310866574962,0.9256198347107428,896,558,72,1454
baseline,ONNX_Runtime,INT8,0.439,0.7411083540115795,0.6179310344827582,0.9256198347107428,896,554,72,1450
baseline,ONNX_Runtime,INT8,0.44,0.7417218543046354,0.61878453038674,0.9256198347107428,896,552,72,1448
baseline,ONNX_Runtime,INT8,0.441,0.7426440116038124,0.6200692041522488,0.9256198347107428,896,549,72,1445
baseline,ONNX_Runtime,INT8,0.442,0.7451143451143448,0.623521224773834,0.9256198347107428,896,541,72,1437
baseline,ONNX_Runtime,INT8,0.443,0.746977907461442,0.6261355695317955,0.9256198347107428,896,535,72,1431
baseline,ONNX_Runtime,INT8,0.444,0.7474916387959863,0.6278089887640446,0.9235537190082634,894,530,74,1424
baseline,ONNX_Runtime,INT8,0.445,0.7487437185929645,0.629577464788732,0.9235537190082634,894,526,74,1420
baseline,ONNX_Runtime,INT8,0.446,0.7499999999999997,0.6313559322033894,0.9235537190082634,894,522,74,1416
baseline,ONNX_Runtime,INT8,0.447,0.7515762925598989,0.63359319631467,0.9235537190082634,894,517,74,1411
baseline,ONNX_Runtime,INT8,0.448,0.7515762925598989,0.63359319631467,0.9235537190082634,894,517,74,1411
baseline,ONNX_Runtime,INT8,0.449,0.7525252525252523,0.6349431818181814,0.9235537190082634,894,514,74,1408
baseline,ONNX_Runtime,INT8,0.45,0.7534766118836912,0.6362989323843412,0.9235537190082634,894,511,74,1405
baseline,ONNX_Runtime,INT8,0.451,0.754860524091293,0.6387696709585118,0.9225206611570238,893,505,75,1398
baseline,ONNX_Runtime,INT8,0.452,0.7558188743123145,0.6401433691756269,0.9225206611570238,893,502,75,1395
baseline,ONNX_Runtime,INT8,0.453,0.7564591274883521,0.6410624551328065,0.9225206611570238,893,500,75,1393
baseline,ONNX_Runtime,INT8,0.454,0.7571004662992791,0.6419841840402584,0.9225206611570238,893,498,75,1391
baseline,ONNX_Runtime,INT8,0.455,0.758503401360544,0.6445086705202308,0.9214876033057842,892,492,76,1384
baseline,ONNX_Runtime,INT8,0.456,0.7597955706984665,0.6463768115942025,0.9214876033057842,892,488,76,1380
baseline,ONNX_Runtime,INT8,0.457,0.7610921501706481,0.648255813953488,0.9214876033057842,892,484,76,1376
baseline,ONNX_Runtime,INT8,0.458,0.7627191107310813,0.6506199854121075,0.9214876033057842,892,479,76,1371
baseline,ONNX_Runtime,INT8,0.459,0.7640256959314772,0.6525237746890998,0.9214876033057842,892,475,76,1367
baseline,ONNX_Runtime,INT8,0.46,0.7656652360515018,0.6549192364170333,0.9214876033057842,892,470,76,1362
baseline,ONNX_Runtime,INT8,0.461,0.7679724494188547,0.6583025830258298,0.9214876033057842,892,463,76,1355
baseline,ONNX_Runtime,INT8,0.462,0.7683031869078377,0.6587887740029538,0.9214876033057842,892,462,76,1354
baseline,ONNX_Runtime,INT8,0.463,0.7684346701164292,0.6595114729829751,0.9204545454545444,891,460,77,1351
baseline,ONNX_Runtime,INT8,0.464,0.7700950734658597,0.6619613670133725,0.9204545454545444,891,455,77,1346
baseline,ONNX_Runtime,INT8,0.465,0.7717626678215674,0.6644295302013419,0.9204545454545444,891,450,77,1341
baseline,ONNX_Runtime,INT8,0.466,0.7744458930899606,0.6684171042760686,0.9204545454545444,891,442,77,1333
baseline,ONNX_Runtime,INT8,0.467,0.7754569190600519,0.6699248120300747,0.9204545454545444,891,439,77,1330
baseline,ONNX_Runtime,INT8,0.468,0.7761324041811843,0.6709337349397586,0.9204545454545444,891,437,77,1328
baseline,ONNX_Runtime,INT8,0.469,0.7762756214566068,0.6716981132075467,0.9194214876033048,890,435,78,1325
baseline,ONNX_Runtime,INT8,0.47,0.7769532955041464,0.6727135298563865,0.9194214876033048,890,433,78,1323
baseline,ONNX_Runtime,INT8,0.471,0.7777777777777775,0.6745068285280724,0.9183884297520652,889,429,79,1318
baseline,ONNX_Runtime,INT8,0.472,0.7787998247919401,0.6760456273764254,0.9183884297520652,889,426,79,1315
baseline,ONNX_Runtime,INT8,0.473,0.7808519982433023,0.6791443850267375,0.9183884297520652,889,420,79,1309
baseline,ONNX_Runtime,INT8,0.474,0.7813462384513855,0.6804597701149421,0.9173553719008256,888,417,80,1305
baseline,ONNX_Runtime,INT8,0.475,0.782723666813574,0.6825518831667943,0.9173553719008256,888,413,80,1301
baseline,ONNX_Runtime,INT8,0.476,0.7832229580573948,0.6838858905165762,0.916322314049586,887,410,81,1297
baseline,ONNX_Runtime,INT8,0.477,0.7846085802742147,0.6860015467904094,0.916322314049586,887,406,81,1293
baseline,ONNX_Runtime,INT8,0.478,0.7859991138679661,0.6881303335919312,0.916322314049586,887,402,81,1289
baseline,ONNX_Runtime,INT8,0.479,0.7866962305986693,0.6891996891996887,0.916322314049586,887,400,81,1287
baseline,ONNX_Runtime,INT8,0.48,0.7879057358826141,0.6916471506635437,0.915289256198346,886,395,82,1281
baseline,ONNX_Runtime,INT8,0.481,0.7886070315976855,0.6927286942924155,0.915289256198346,886,393,82,1279
baseline,ONNX_Runtime,INT8,0.482,0.7886070315976855,0.6927286942924155,0.915289256198346,886,393,82,1279
baseline,ONNX_Runtime,INT8,0.483,0.7891217119928664,0.6941176470588231,0.9142561983471064,885,390,83,1275
baseline,ONNX_Runtime,INT8,0.484,0.7896382313532824,0.6955153422501962,0.9132231404958668,884,387,84,1271
baseline,ONNX_Runtime,INT8,0.485,0.7910514541387021,0.6977111286503547,0.9132231404958668,884,383,84,1267
baseline,ONNX_Runtime,INT8,0.486,0.7921146953405015,0.6993670886075944,0.9132231404958668,884,380,84,1264
baseline,ONNX_Runtime,INT8,0.487,0.792452830188679,0.7011128775834653,0.9111570247933874,882,376,86,1258
baseline,ONNX_Runtime,INT8,0.488,0.7936936936936934,0.7036741214057503,0.9101239669421478,881,371,87,1252
baseline,ONNX_Runtime,INT8,0.489,0.7942238267148011,0.7051282051282046,0.9090909090909082,880,368,88,1248
baseline,ONNX_Runtime,INT8,0.49,0.7945823927765234,0.7056936647955087,0.9090909090909082,880,367,88,1247
baseline,ONNX_Runtime,INT8,0.491,0.7956600361663649,0.7073954983922824,0.9090909090909082,880,364,88,1244
baseline,ONNX_Runtime,INT8,0.492,0.7974626189397369,0.710250201775625,0.9090909090909082,880,359,88,1239
baseline,ONNX_Runtime,INT8,0.493,0.7976406533575314,0.7111650485436888,0.9080578512396684,879,357,89,1236
baseline,ONNX_Runtime,INT8,0.494,0.7974568574023612,0.7115072933549428,0.9070247933884288,878,356,90,1234
baseline,ONNX_Runtime,INT8,0.495,0.7983614019116975,0.7135882831570377,0.9059917355371891,877,352,91,1229
baseline,ONNX_Runtime,INT8,0.496,0.798724954462659,0.7141693811074913,0.9059917355371891,877,351,91,1228
baseline,ONNX_Runtime,INT8,0.497,0.7992700729927004,0.7156862745098034,0.9049586776859496,876,348,92,1224
baseline,ONNX_Runtime,INT8,0.498,0.7992700729927004,0.7156862745098034,0.9049586776859496,876,348,92,1224
baseline,ONNX_Runtime,INT8,0.499,0.7985381452718133,0.7158067158067153,0.90289256198347,874,347,94,1221
baseline,ONNX_Runtime,INT8,0.5,0.7992684042066754,0.7169811320754712,0.90289256198347,874,345,94,1219
baseline,ONNX_Runtime,INT8,0.501,0.7996340347666968,0.7175697865353032,0.90289256198347,874,344,94,1218
baseline,ONNX_Runtime,INT8,0.502,0.7999999999999997,0.7181594083812649,0.90289256198347,874,343,94,1217
baseline,ONNX_Runtime,INT8,0.503,0.8022028453418997,0.7217175887696113,0.90289256198347,874,337,94,1211
baseline,ONNX_Runtime,INT8,0.504,0.8023897058823526,0.7226821192052975,0.9018595041322304,873,335,95,1208
baseline,ONNX_Runtime,INT8,0.505,0.802577082374597,0.7236514522821571,0.9008264462809908,872,333,96,1205
baseline,ONNX_Runtime,INT8,0.506,0.802395209580838,0.7240232751454692,0.8997933884297511,871,332,97,1203
baseline,ONNX_Runtime,INT8,0.507,0.8031350852927613,0.7252289758534549,0.8997933884297511,871,330,97,1201
baseline,ONNX_Runtime,INT8,0.508,0.8049907578558222,0.7282608695652169,0.8997933884297511,871,325,97,1196
baseline,ONNX_Runtime,INT8,0.509,0.8059286706808705,0.7304785894206544,0.8987603305785115,870,321,98,1191
baseline,ONNX_Runtime,INT8,0.51,0.8070500927643781,0.7323232323232317,0.8987603305785115,870,318,98,1188
baseline,ONNX_Runtime,INT8,0.511,0.8072457036692983,0.7333333333333327,0.8977272727272718,869,316,99,1185
baseline,ONNX_Runtime,INT8,0.512,0.8083720930232555,0.735194585448392,0.8977272727272718,869,313,99,1182
baseline,ONNX_Runtime,INT8,0.513,0.8106343283582086,0.7389455782312919,0.8977272727272718,869,307,99,1176
baseline,ONNX_Runtime,INT8,0.514,0.810457516339869,0.7393526405451443,0.8966942148760321,868,306,100,1174
baseline,ONNX_Runtime,INT8,0.515,0.8101028999064542,0.7401709401709397,0.8946280991735528,866,304,102,1170
baseline,ONNX_Runtime,INT8,0.516,0.8108614232209734,0.741438356164383,0.8946280991735528,866,302,102,1168
baseline,ONNX_Runtime,INT8,0.517,0.8112412177985945,0.742073693230505,0.8946280991735528,866,301,102,1167
baseline,ONNX_Runtime,INT8,0.518,0.8120018752930142,0.743347639484978,0.8946280991735528,866,299,102,1165
baseline,ONNX_Runtime,INT8,0.519,0.8125880695162044,0.7450473729543491,0.8935950413223132,865,296,103,1161
baseline,ONNX_Runtime,INT8,0.52,0.8127939793038567,0.7461139896373051,0.8925619834710734,864,294,104,1158
baseline,ONNX_Runtime,INT8,0.521,0.8139425341497877,0.7480519480519474,0.8925619834710734,864,291,104,1155
baseline,ONNX_Runtime,INT8,0.522,0.8145351580934399,0.7497827975673321,0.8915289256198338,863,288,105,1151
baseline,ONNX_Runtime,INT8,0.523,0.8139754485363547,0.7495652173913038,0.8904958677685941,862,288,106,1150
baseline,ONNX_Runtime,INT8,0.524,0.8153409090909087,0.752622377622377,0.8894628099173544,861,283,107,1144
baseline,ONNX_Runtime,INT8,0.525,0.816113744075829,0.7539404553415056,0.8894628099173544,861,281,107,1142
baseline,ONNX_Runtime,INT8,0.526,0.815939278937381,0.75438596491228,0.8884297520661147,860,280,108,1140
baseline,ONNX_Runtime,INT8,0.527,0.8163265306122446,0.7550482879719046,0.8884297520661147,860,279,108,1139
baseline,ONNX_Runtime,INT8,0.528,0.816714150047483,0.7557117750439362,0.8884297520661147,860,278,108,1138
baseline,ONNX_Runtime,INT8,0.529,0.8178792201616735,0.7577092511013209,0.8884297520661147,860,275,108,1135
baseline,ONNX_Runtime,INT8,0.53,0.8184849928537395,0.7595048629531382,0.8873966942148751,859,272,109,1131
baseline,ONNX_Runtime,INT8,0.531,0.8192656175488789,0.7608503100088568,0.8873966942148751,859,270,109,1129
baseline,ONNX_Runtime,INT8,0.532,0.8196564885496179,0.7615248226950349,0.8873966942148751,859,269,109,1128
baseline,ONNX_Runtime,INT8,0.533,0.821052631578947,0.7647058823529406,0.8863636363636355,858,264,110,1122
baseline,ONNX_Runtime,INT8,0.534,0.8222328701485382,0.7667560321715812,0.8863636363636355,858,261,110,1119
baseline,ONNX_Runtime,INT8,0.535,0.8220623501199037,0.7672336615935536,0.8853305785123957,857,260,111,1117
baseline,ONNX_Runtime,INT8,0.536,0.8213256484149852,0.7675044883303405,0.8832644628099164,855,259,113,1114
baseline,ONNX_Runtime,INT8,0.537,0.8217203267659775,0.7681940700808619,0.8832644628099164,855,258,113,1113
baseline,ONNX_Runtime,INT8,0.538,0.8215488215488211,0.768676867686768,0.8822314049586768,854,257,114,1111
baseline,ONNX_Runtime,INT8,0.539,0.822736030828516,0.7707581227436817,0.8822314049586768,854,254,114,1108
baseline,ONNX_Runtime,INT8,0.54,0.823359073359073,0.7726449275362313,0.881198347107437,853,251,115,1104
baseline,ONNX_Runtime,INT8,0.541,0.8249516441005799,0.7754545454545448,0.881198347107437,853,247,115,1100
baseline,ONNX_Runtime,INT8,0.542,0.8265503875968988,0.7782846715328461,0.881198347107437,853,243,115,1096
baseline,ONNX_Runtime,INT8,0.543,0.8273520853540248,0.7797074954296155,0.881198347107437,853,241,115,1094
baseline,ONNX_Runtime,INT8,0.544,0.8281553398058249,0.7811355311355305,0.881198347107437,853,239,115,1092
baseline,ONNX_Runtime,INT8,0.545,0.8293631502187648,0.7832874196510553,0.881198347107437,853,236,115,1089
baseline,ONNX_Runtime,INT8,0.546,0.8305744888023365,0.7854511970534064,0.881198347107437,853,233,115,1086
baseline,ONNX_Runtime,INT8,0.547,0.8313840155945416,0.7869003690036894,0.881198347107437,853,231,115,1084
baseline,ONNX_Runtime,INT8,0.548,0.8317893710385175,0.787626962142197,0.881198347107437,853,230,115,1083
baseline,ONNX_Runtime,INT8,0.549,0.8326810176125241,0.7908921933085495,0.8791322314049578,851,225,117,1076
baseline,ONNX_Runtime,INT8,0.55,0.8319451249387552,0.7912395153774457,0.8770661157024784,849,224,119,1073
baseline,ONNX_Runtime,INT8,0.551,0.8338249754178954,0.7954971857410875,0.8760330578512388,848,218,120,1066
baseline,ONNX_Runtime,INT8,0.552,0.8342351205115589,0.7962441314553984,0.8760330578512388,848,217,120,1065
baseline,ONNX_Runtime,INT8,0.553,0.8350566223535201,0.7977422389463775,0.8760330578512388,848,215,120,1063
baseline,ONNX_Runtime,INT8,0.554,0.8354679802955661,0.7984934086628995,0.8760330578512388,848,214,120,1062
baseline,ONNX_Runtime,INT8,0.555,0.835879743716116,0.7992459943449569,0.8760330578512388,848,213,120,1061
baseline,ONNX_Runtime,INT8,0.556,0.8362919132149897,0.7999999999999993,0.8760330578512388,848,212,120,1060
baseline,ONNX_Runtime,INT8,0.557,0.8367044893931915,0.8007554296506131,0.8760330578512388,848,211,120,1059
baseline,ONNX_Runtime,INT8,0.558,0.8365432098765428,0.8013245033112576,0.8749999999999991,847,210,121,1057
baseline,ONNX_Runtime,INT8,0.559,0.8359683794466399,0.801136363636363,0.8739669421487594,846,210,122,1056
baseline,ONNX_Runtime,INT8,0.56,0.837209302325581,0.8034188034188027,0.8739669421487594,846,207,122,1053
baseline,ONNX_Runtime,INT8,0.561,0.8380386329866266,0.8049476688867738,0.8739669421487594,846,205,122,1051
baseline,ONNX_Runtime,INT8,0.562,0.8382936507936504,0.8062977099236635,0.8729338842975197,845,203,123,1048
baseline,ONNX_Runtime,INT8,0.563,0.8395429706905113,0.8086124401913869,0.8729338842975197,845,200,123,1045
baseline,ONNX_Runtime,INT8,0.564,0.8406374501992028,0.8115384615384609,0.8719008264462801,844,196,124,1040
baseline,ONNX_Runtime,INT8,0.565,0.8413173652694607,0.813706563706563,0.8708677685950404,843,193,125,1036
baseline,ONNX_Runtime,INT8,0.566,0.8409999999999996,0.8149224806201543,0.8688016528925611,841,191,127,1032
baseline,ONNX_Runtime,INT8,0.567,0.8418418418418414,0.8165048543689313,0.8688016528925611,841,189,127,1030
baseline,ONNX_Runtime,INT8,0.568,0.8412618928392585,0.8163265306122441,0.8677685950413214,840,189,128,1029
baseline,ONNX_Runtime,INT8,0.569,0.8416833667334666,0.8171206225680927,0.8677685950413214,840,188,128,1028
baseline,ONNX_Runtime,INT8,0.57,0.8416833667334666,0.8171206225680927,0.8677685950413214,840,188,128,1028
baseline,ONNX_Runtime,INT8,0.571,0.8417880462079353,0.8191593352883667,0.865702479338842,838,185,130,1023
baseline,ONNX_Runtime,INT8,0.572,0.8417880462079353,0.8191593352883667,0.865702479338842,838,185,130,1023
baseline,ONNX_Runtime,INT8,0.573,0.8434826371414188,0.8223748773307156,0.865702479338842,838,181,130,1019
baseline,ONNX_Runtime,INT8,0.574,0.8433249370277074,0.8230088495575213,0.8646694214876024,837,180,131,1017
baseline,ONNX_Runtime,INT8,0.575,0.8427419354838706,0.8228346456692905,0.8636363636363628,836,180,132,1016
baseline,ONNX_Runtime,INT8,0.576,0.8414141414141411,0.8231225296442679,0.8605371900826437,833,179,135,1012
baseline,ONNX_Runtime,INT8,0.577,0.8406676783004549,0.8235877106045582,0.8584710743801643,831,178,137,1009
baseline,ONNX_Runtime,INT8,0.578,0.842372022301064,0.8268656716417903,0.8584710743801643,831,174,137,1005
baseline,ONNX_Runtime,INT8,0.579,0.8432267884322675,0.8285144566301088,0.8584710743801643,831,172,137,1003
baseline,ONNX_Runtime,INT8,0.58,0.843654822335025,0.8293413173652686,0.8584710743801643,831,171,137,1002
baseline,ONNX_Runtime,INT8,0.581,0.8434959349593492,0.8299999999999992,0.8574380165289247,830,170,138,1000
baseline,ONNX_Runtime,INT8,0.582,0.8433367243133262,0.8306613226452897,0.8564049586776851,829,169,139,998
baseline,ONNX_Runtime,INT8,0.583,0.844625573102394,0.8331658291457278,0.8564049586776851,829,166,139,995
baseline,ONNX_Runtime,INT8,0.584,0.8444671086180516,0.8338368580060415,0.8553719008264454,828,165,140,993
baseline,ONNX_Runtime,INT8,0.585,0.8426966292134828,0.8333333333333325,0.8522727272727264,825,165,143,990
baseline,ONNX_Runtime,INT8,0.586,0.8419437340153448,0.833839918946301,0.850206611570247,823,164,145,987
baseline,ONNX_Runtime,INT8,0.587,0.8394048229861464,0.833843017329255,0.8450413223140487,818,163,150,981
baseline,ONNX_Runtime,INT8,0.588,0.8392398561890083,0.8345250255362606,0.8440082644628091,817,162,151,979
baseline,ONNX_Runtime,INT8,0.589,0.8403707518022653,0.8377823408624221,0.8429752066115693,816,158,152,974
baseline,ONNX_Runtime,INT8,0.59,0.8400412796697623,0.8391752577319579,0.84090909090909,814,156,154,970
baseline,ONNX_Runtime,INT8,0.591,0.8403100775193795,0.8407445708376413,0.8398760330578503,813,154,155,967
baseline,ONNX_Runtime,INT8,0.592,0.8408501814411609,0.8439125910509877,0.837809917355371,811,150,157,961
baseline,ONNX_Runtime,INT8,0.593,0.8403536141445653,0.8460732984293184,0.834710743801652,808,147,160,955
baseline,ONNX_Runtime,INT8,0.594,0.8412285268089533,0.8478488982161586,0.834710743801652,808,145,160,953
baseline,ONNX_Runtime,INT8,0.595,0.8413361169102292,0.8502109704641341,0.8326446280991727,806,142,162,948
baseline,ONNX_Runtime,INT8,0.596,0.8417754569190596,0.8511087645195344,0.8326446280991727,806,141,162,947
baseline,ONNX_Runtime,INT8,0.597,0.8411703239289442,0.8509513742071872,0.831611570247933,805,141,163,946
baseline,ONNX_Runtime,INT8,0.598,0.8429319371727745,0.8545647558386402,0.831611570247933,805,137,163,942
baseline,ONNX_Runtime,INT8,0.599,0.8423258250392872,0.8544102019128578,0.8305785123966933,804,137,164,941
baseline,ONNX_Runtime,INT8,0.6,0.8415529905561381,0.8550106609808094,0.828512396694214,802,136,166,938
baseline,ONNX_Runtime,INT8,0.601,0.8413865546218483,0.8557692307692298,0.8274793388429743,801,135,167,936
baseline,ONNX_Runtime,INT8,0.602,0.8418286915396738,0.8566844919786087,0.8274793388429743,801,134,167,935
baseline,ONNX_Runtime,INT8,0.603,0.8412197686645632,0.8565310492505344,0.8264462809917347,800,134,168,934
baseline,ONNX_Runtime,INT8,0.604,0.8414955239599785,0.8582169709989249,0.825413223140495,799,132,169,931
baseline,ONNX_Runtime,INT8,0.605,0.8413284132841324,0.8589881593110863,0.8243801652892553,798,131,170,929
baseline,ONNX_Runtime,INT8,0.606,0.8413284132841324,0.8589881593110863,0.8243801652892553,798,131,170,929
baseline,ONNX_Runtime,INT8,0.607,0.8413284132841324,0.8589881593110863,0.8243801652892553,798,131,170,929
baseline,ONNX_Runtime,INT8,0.608,0.8422163588390498,0.8608414239482192,0.8243801652892553,798,129,170,927
baseline,ONNX_Runtime,INT8,0.609,0.8422163588390498,0.8608414239482192,0.8243801652892553,798,129,170,927
baseline,ONNX_Runtime,INT8,0.61,0.8424947145877374,0.8625541125541116,0.8233471074380156,797,127,171,924
baseline,ONNX_Runtime,INT8,0.611,0.8427739544732659,0.8642779587404985,0.822314049586776,796,125,172,921
baseline,ONNX_Runtime,INT8,0.612,0.8415474297827235,0.8639825897714898,0.8202479338842966,794,125,174,919
baseline,ONNX_Runtime,INT8,0.613,0.8413793103448272,0.8647764449291158,0.819214876033057,793,124,175,917
baseline,ONNX_Runtime,INT8,0.614,0.841657810839532,0.8665207877461697,0.8181818181818173,792,122,176,914
baseline,ONNX_Runtime,INT8,0.615,0.8421052631578944,0.8674698795180713,0.8181818181818173,792,121,176,913
baseline,ONNX_Runtime,INT8,0.616,0.8419372006386372,0.8682766190998893,0.8171487603305776,791,120,177,911
baseline,ONNX_Runtime,INT8,0.617,0.8426666666666662,0.8710033076074962,0.816115702479338,790,117,178,907
baseline,ONNX_Runtime,INT8,0.618,0.8418803418803414,0.8716814159292026,0.8140495867768587,788,116,180,904
baseline,ONNX_Runtime,INT8,0.619,0.8418803418803414,0.8716814159292026,0.8140495867768587,788,116,180,904
baseline,ONNX_Runtime,INT8,0.62,0.8418803418803414,0.8716814159292026,0.8140495867768587,788,116,180,904
baseline,ONNX_Runtime,INT8,0.621,0.8406417112299461,0.8713968957871387,0.8119834710743793,786,116,182,902
baseline,ONNX_Runtime,INT8,0.622,0.8400214018191542,0.8712541620421743,0.8109504132231397,785,116,183,901
baseline,ONNX_Runtime,INT8,0.623,0.8409212640599889,0.8731924360400435,0.8109504132231397,785,114,183,899
baseline,ONNX_Runtime,INT8,0.624,0.8407506702412865,0.8740245261984383,0.8099173553719,784,113,184,897
baseline,ONNX_Runtime,INT8,0.625,0.8401287553648065,0.8738839285714276,0.8088842975206603,783,113,185,896
baseline,ONNX_Runtime,INT8,0.626,0.8401287553648065,0.8738839285714276,0.8088842975206603,783,113,185,896
baseline,ONNX_Runtime,INT8,0.627,0.8405797101449272,0.8748603351955297,0.8088842975206603,783,112,185,895
baseline,ONNX_Runtime,INT8,0.628,0.8397849462365587,0.875560538116591,0.806818181818181,781,111,187,892
baseline,ONNX_Runtime,INT8,0.629,0.8398921832884093,0.8782412626832008,0.8047520661157016,779,108,189,887
baseline,ONNX_Runtime,INT8,0.63,0.8384656942193405,0.8788221970554916,0.8016528925619826,776,107,192,883
baseline,ONNX_Runtime,INT8,0.631,0.8376623376623372,0.8795454545454535,0.7995867768595033,774,106,194,880
baseline,ONNX_Runtime,INT8,0.632,0.8379403794037936,0.8814139110604323,0.7985537190082637,773,104,195,877
baseline,ONNX_Runtime,INT8,0.633,0.8377645143787299,0.8822857142857132,0.7975206611570239,772,103,196,875
baseline,ONNX_Runtime,INT8,0.634,0.8377645143787299,0.8822857142857132,0.7975206611570239,772,103,196,875
baseline,ONNX_Runtime,INT8,0.635,0.836501901140684,0.8820160366552109,0.7954545454545446,770,103,198,873
baseline,ONNX_Runtime,INT8,0.636,0.836501901140684,0.8820160366552109,0.7954545454545446,770,103,198,873
baseline,ONNX_Runtime,INT8,0.637,0.8358695652173909,0.8818807339449531,0.794421487603305,769,103,199,872
baseline,ONNX_Runtime,INT8,0.638,0.8356909684439604,0.8827586206896542,0.7933884297520652,768,102,200,870
baseline,ONNX_Runtime,INT8,0.639,0.8342420937840781,0.8833718244803684,0.7902892561983462,765,101,203,866
baseline,ONNX_Runtime,INT8,0.64,0.8345166575641721,0.8852838933951322,0.7892561983471066,764,99,204,863
baseline,ONNX_Runtime,INT8,0.641,0.8338797814207646,0.8851508120649642,0.788223140495867,763,99,205,862
baseline,ONNX_Runtime,INT8,0.642,0.8336980306345729,0.8860465116279059,0.7871900826446273,762,98,206,860
baseline,ONNX_Runtime,INT8,0.643,0.8341543513957302,0.8870779976717102,0.7871900826446273,762,97,206,859
baseline,ONNX_Runtime,INT8,0.644,0.8337904552934718,0.8888888888888878,0.7851239669421479,760,95,208,855
baseline,ONNX_Runtime,INT8,0.645,0.8331503841931939,0.8887587822014041,0.7840909090909083,759,95,209,854
baseline,ONNX_Runtime,INT8,0.646,0.8341597796143246,0.8937426210153472,0.7820247933884289,757,90,211,847
baseline,ONNX_Runtime,INT8,0.647,0.832229580573951,0.8933649289099516,0.7789256198347099,754,90,214,844
baseline,ONNX_Runtime,INT8,0.648,0.832229580573951,0.8933649289099516,0.7789256198347099,754,90,214,844
baseline,ONNX_Runtime,INT8,0.649,0.832689122032026,0.8944246737841033,0.7789256198347099,754,89,214,843
baseline,ONNX_Runtime,INT8,0.65,0.8320441988950272,0.8942992874109252,0.7778925619834702,753,89,215,842
baseline,ONNX_Runtime,INT8,0.651,0.8305647840531557,0.8949880668257746,0.7747933884297512,750,88,218,838
baseline,ONNX_Runtime,INT8,0.652,0.8292682926829265,0.894736842105262,0.7727272727272719,748,88,220,836
baseline,ONNX_Runtime,INT8,0.653,0.8290788013318531,0.8956834532374089,0.7716942148760323,747,87,221,834
baseline,ONNX_Runtime,INT8,0.654,0.8296213808463248,0.8997584541062791,0.7696280991735529,745,83,223,828
baseline,ONNX_Runtime,INT8,0.655,0.8298940323480196,0.9018181818181809,0.7685950413223133,744,81,224,825
baseline,ONNX_Runtime,INT8,0.656,0.8301675977653628,0.9038929440389284,0.7675619834710735,743,79,225,822
baseline,ONNX_Runtime,INT8,0.657,0.8286674132138854,0.904645476772615,0.7644628099173546,740,78,228,818
baseline,ONNX_Runtime,INT8,0.658,0.8273542600896857,0.9044117647058812,0.7623966942148752,738,78,230,816
baseline,ONNX_Runtime,INT8,0.659,0.825379000561482,0.9040590405904048,0.7592975206611562,735,78,233,813
baseline,ONNX_Runtime,INT8,0.66,0.825182686902754,0.90505548705302,0.7582644628099166,734,77,234,811
baseline,ONNX_Runtime,INT8,0.661,0.8256467941507307,0.9061728395061716,0.7582644628099166,734,76,234,810
baseline,ONNX_Runtime,INT8,0.662,0.8247887323943658,0.9070631970260212,0.7561983471074372,732,75,236,807
baseline,ONNX_Runtime,INT8,0.663,0.8247887323943658,0.9070631970260212,0.7561983471074372,732,75,236,807
baseline,ONNX_Runtime,INT8,0.664,0.8232636928289098,0.9078455790784546,0.7530991735537182,729,74,239,803
baseline,ONNX_Runtime,INT8,0.665,0.8223981900452485,0.9087499999999988,0.7510330578512389,727,73,241,800
baseline,ONNX_Runtime,INT8,0.666,0.8213272830402718,0.91069182389937,0.7479338842975198,724,71,244,795
baseline,ONNX_Runtime,INT8,0.667,0.8213272830402718,0.91069182389937,0.7479338842975198,724,71,244,795
baseline,ONNX_Runtime,INT8,0.668,0.8206583427922811,0.91057934508816,0.7469008264462802,723,71,245,794
baseline,ONNX_Runtime,INT8,0.669,0.8186469584991468,0.9102402022755992,0.7438016528925612,720,71,248,791
baseline,ONNX_Runtime,INT8,0.67,0.8179749715585889,0.91012658227848,0.7427685950413215,719,71,249,790
baseline,ONNX_Runtime,INT8,0.671,0.8155339805825238,0.911877394636014,0.7376033057851232,714,69,254,783
baseline,ONNX_Runtime,INT8,0.672,0.8146453089244847,0.9128205128205116,0.7355371900826438,712,68,256,780
baseline,ONNX_Runtime,INT8,0.673,0.8123924268502577,0.913548387096773,0.7314049586776852,708,67,260,775
baseline,ONNX_Runtime,INT8,0.674,0.8133256748994826,0.9159120310478642,0.7314049586776852,708,65,260,773
baseline,ONNX_Runtime,INT8,0.675,0.8124280782508626,0.9168831168831156,0.7293388429752058,706,64,262,770
baseline,ONNX_Runtime,INT8,0.676,0.8117443868739201,0.9167750325097516,0.7283057851239662,705,64,263,769
baseline,ONNX_Runtime,INT8,0.677,0.8108419838523641,0.9177545691905992,0.7262396694214869,703,63,265,766
baseline,ONNX_Runtime,INT8,0.678,0.8108733371891262,0.9211563731931656,0.7241735537190075,701,60,267,761
baseline,ONNX_Runtime,INT8,0.679,0.807424593967517,0.9206349206349194,0.7190082644628092,696,60,272,756
baseline,ONNX_Runtime,INT8,0.68,0.8067324434126519,0.920529801324502,0.7179752066115694,695,60,273,755
baseline,ONNX_Runtime,INT8,0.681,0.8058139534883717,0.921542553191488,0.7159090909090902,693,59,275,752
baseline,ONNX_Runtime,INT8,0.682,0.8037274315666857,0.9212283044058732,0.7128099173553711,690,59,278,749
baseline,ONNX_Runtime,INT8,0.683,0.803498542274052,0.9223560910307884,0.7117768595041315,689,58,279,747
baseline,ONNX_Runtime,INT8,0.684,0.8021015761821362,0.92214765100671,0.7097107438016521,687,58,281,745
baseline,ONNX_Runtime,INT8,0.685,0.8011695906432744,0.9231805929919124,0.7076446280991728,685,57,283,742
baseline,ONNX_Runtime,INT8,0.686,0.7997658079625288,0.9229729729729717,0.7055785123966934,683,57,285,740
baseline,ONNX_Runtime,INT8,0.687,0.7995310668229773,0.9241192411924106,0.7045454545454538,682,56,286,738
baseline,ONNX_Runtime,INT8,0.688,0.7999999999999996,0.9253731343283568,0.7045454545454538,682,55,286,737
baseline,ONNX_Runtime,INT8,0.689,0.80093951849677,0.9278911564625836,0.7045454545454538,682,53,286,735
baseline,ONNX_Runtime,INT8,0.69,0.8018812463256904,0.9304229195088664,0.7045454545454538,682,51,286,733
baseline,ONNX_Runtime,INT8,0.691,0.8004708652148318,0.9302325581395336,0.7024793388429744,680,51,288,731
baseline,ONNX_Runtime,INT8,0.692,0.7997644287396933,0.9301369863013684,0.7014462809917348,679,51,289,730
baseline,ONNX_Runtime,INT8,0.693,0.7978723404255315,0.9323204419889488,0.6973140495867761,675,49,293,724
baseline,ONNX_Runtime,INT8,0.694,0.7976331360946741,0.9335180055401648,0.6962809917355365,674,48,294,722
baseline,ONNX_Runtime,INT8,0.695,0.7966804979253108,0.9346314325452004,0.6942148760330571,672,47,296,719
baseline,ONNX_Runtime,INT8,0.696,0.7959667852906283,0.9345403899721436,0.6931818181818175,671,47,297,718
baseline,ONNX_Runtime,INT8,0.697,0.7942925089179543,0.9355742296918754,0.6900826446280984,668,46,300,714
baseline,ONNX_Runtime,INT8,0.698,0.7952380952380949,0.93820224719101,0.6900826446280984,668,44,300,712
baseline,ONNX_Runtime,INT8,0.699,0.7957117331745082,0.9395218002812926,0.6900826446280984,668,43,300,711
baseline,ONNX_Runtime,INT8,0.7,0.792835820895522,0.939179632248938,0.6859504132231398,664,43,304,707
baseline,ONNX_Runtime,INT8,0.701,0.7904191616766463,0.9401709401709388,0.6818181818181811,660,42,308,702
baseline,ONNX_Runtime,INT8,0.702,0.789694427801078,0.9400855920114108,0.6807851239669415,659,42,309,701
baseline,ONNX_Runtime,INT8,0.703,0.7889688249400475,0.9399999999999986,0.6797520661157017,658,42,310,700
baseline,ONNX_Runtime,INT8,0.704,0.7860576923076918,0.9396551724137916,0.675619834710743,654,42,314,696
baseline,ONNX_Runtime,INT8,0.705,0.7843373493975899,0.9407514450867038,0.6725206611570241,651,41,317,692
baseline,ONNX_Runtime,INT8,0.706,0.7836045810729351,0.94066570188133,0.6714876033057844,650,41,318,691
baseline,ONNX_Runtime,INT8,0.707,0.7799274486094313,0.940233236151602,0.6663223140495861,645,41,323,686
baseline,ONNX_Runtime,INT8,0.708,0.7777104784978797,0.939970717423132,0.6632231404958671,642,41,326,683
baseline,ONNX_Runtime,INT8,0.709,0.7766990291262131,0.9411764705882338,0.6611570247933878,640,40,328,680
baseline,ONNX_Runtime,INT8,0.71,0.7752126366950178,0.941002949852506,0.6590909090909084,638,40,330,678
baseline,ONNX_Runtime,INT8,0.711,0.7737226277372259,0.9408284023668624,0.657024793388429,636,40,332,676
baseline,ONNX_Runtime,INT8,0.712,0.7741935483870963,0.9422222222222209,0.657024793388429,636,39,332,675
baseline,ONNX_Runtime,INT8,0.713,0.7719512195121947,0.9419642857142844,0.6539256198347101,633,39,335,672
baseline,ONNX_Runtime,INT8,0.714,0.7712019524100057,0.9418777943368092,0.6528925619834703,632,39,336,671
baseline,ONNX_Runtime,INT8,0.715,0.7694189602446478,0.94302848575712,0.6497933884297514,629,38,339,667
baseline,ONNX_Runtime,INT8,0.716,0.7683823529411761,0.9442771084337336,0.647727272727272,627,37,341,664
baseline,ONNX_Runtime,INT8,0.717,0.7676272225628444,0.9441930618401192,0.6466942148760324,626,37,342,663
baseline,ONNX_Runtime,INT8,0.718,0.7676272225628444,0.9441930618401192,0.6466942148760324,626,37,342,663
baseline,ONNX_Runtime,INT8,0.719,0.7668711656441713,0.9441087613293035,0.6456611570247927,625,37,343,662
baseline,ONNX_Runtime,INT8,0.72,0.7665847665847662,0.945454545454544,0.644628099173553,624,36,344,660
baseline,ONNX_Runtime,INT8,0.721,0.7662976629766294,0.9468085106382964,0.6435950413223134,623,35,345,658
baseline,ONNX_Runtime,INT8,0.722,0.7640172520024642,0.9465648854961816,0.6404958677685944,620,35,348,655
baseline,ONNX_Runtime,INT8,0.723,0.7621988882025937,0.9477726574500752,0.6373966942148753,617,34,351,651
baseline,ONNX_Runtime,INT8,0.724,0.7603715170278633,0.9489953632148362,0.6342975206611563,614,33,354,647
baseline,ONNX_Runtime,INT8,0.725,0.7600743955362674,0.9503875968992233,0.6332644628099167,613,32,355,645
baseline,ONNX_Runtime,INT8,0.726,0.7593052109181138,0.9503105590062096,0.632231404958677,612,32,356,644
baseline,ONNX_Runtime,INT8,0.727,0.757763975155279,0.9501557632398738,0.6301652892561976,610,32,358,642
baseline,ONNX_Runtime,INT8,0.728,0.7569919204474825,0.9500780031201232,0.629132231404958,609,32,359,641
baseline,ONNX_Runtime,INT8,0.729,0.7531172069825433,0.9496855345911934,0.6239669421487597,604,32,364,636
baseline,ONNX_Runtime,INT8,0.73,0.7515605493133579,0.9495268138801246,0.6219008264462803,602,32,366,634
baseline,ONNX_Runtime,INT8,0.731,0.749218261413383,0.9492868462757512,0.6188016528925613,599,32,369,631
baseline,ONNX_Runtime,INT8,0.732,0.7481203007518793,0.9506369426751576,0.616735537190082,597,31,371,628
baseline,ONNX_Runtime,INT8,0.733,0.7449748743718588,0.9503205128205112,0.6126033057851233,593,31,375,624
baseline,ONNX_Runtime,INT8,0.734,0.7441860465116275,0.950240770465488,0.6115702479338837,592,31,376,623
baseline,ONNX_Runtime,INT8,0.735,0.7406940063091478,0.9513776337115056,0.6064049586776853,587,30,381,617
baseline,ONNX_Runtime,INT8,0.736,0.7398989898989895,0.9512987012986998,0.6053719008264457,586,30,382,616
baseline,ONNX_Runtime,INT8,0.737,0.7375079063883614,0.9510603588906998,0.6022727272727266,583,30,385,613
baseline,ONNX_Runtime,INT8,0.738,0.73637515842839,0.952459016393441,0.6002066115702474,581,29,387,610
baseline,ONNX_Runtime,INT8,0.739,0.7360406091370554,0.953947368421051,0.5991735537190076,580,28,388,608
baseline,ONNX_Runtime,INT8,0.74,0.7365079365079361,0.9555189456342652,0.5991735537190076,580,27,388,607
baseline,ONNX_Runtime,INT8,0.741,0.7332908975175043,0.9552238805970134,0.5950413223140489,576,27,392,603
baseline,ONNX_Runtime,INT8,0.742,0.7305236270753508,0.9565217391304331,0.5909090909090903,572,26,396,598
baseline,ONNX_Runtime,INT8,0.743,0.7293666026871397,0.9579831932773092,0.588842975206611,570,25,398,595
baseline,ONNX_Runtime,INT8,0.744,0.7290198590647017,0.9595278246205716,0.5878099173553712,569,24,399,593
baseline,ONNX_Runtime,INT8,0.745,0.7265725288831831,0.9593220338983034,0.5847107438016522,566,24,402,590
baseline,ONNX_Runtime,INT8,0.746,0.7241157556270092,0.9591141396933544,0.5816115702479333,563,24,405,587
baseline,ONNX_Runtime,INT8,0.747,0.7229381443298964,0.9606164383561628,0.5795454545454539,561,23,407,584
baseline,ONNX_Runtime,INT8,0.748,0.7204648160103289,0.9604130808950068,0.5764462809917349,558,23,410,581
baseline,ONNX_Runtime,INT8,0.749,0.7179818887451483,0.9602076124567456,0.5733471074380159,555,23,413,578
baseline,ONNX_Runtime,INT8,0.75,0.7163212435233156,0.9600694444444428,0.5712809917355366,553,23,415,576
baseline,ONNX_Runtime,INT8,0.751,0.7146562905317765,0.9599303135888484,0.5692148760330572,551,23,417,574
baseline,ONNX_Runtime,INT8,0.752,0.7129870129870126,0.959790209790208,0.5671487603305779,549,23,419,572
baseline,ONNX_Runtime,INT8,0.753,0.7129870129870126,0.959790209790208,0.5671487603305779,549,23,419,572
baseline,ONNX_Runtime,INT8,0.754,0.7134502923976604,0.961471103327494,0.5671487603305779,549,22,419,571
baseline,ONNX_Runtime,INT8,0.755,0.7117761873780087,0.9613356766256572,0.5650826446280985,547,22,421,569
baseline,ONNX_Runtime,INT8,0.756,0.7101827676240204,0.9645390070921968,0.5619834710743796,544,20,424,564
baseline,ONNX_Runtime,INT8,0.757,0.70595939751146,0.9642218246869392,0.5568181818181812,539,20,429,559
baseline,ONNX_Runtime,INT8,0.758,0.7038739330269201,0.965765765765764,0.5537190082644622,536,19,432,555
baseline,ONNX_Runtime,INT8,0.759,0.7021696252465479,0.9656419529837234,0.5516528925619829,534,19,434,553
baseline,ONNX_Runtime,INT8,0.76,0.7013157894736838,0.9655797101449256,0.5506198347107433,533,19,435,552
baseline,ONNX_Runtime,INT8,0.761,0.6996047430830036,0.9654545454545436,0.5485537190082639,531,19,437,550
baseline,ONNX_Runtime,INT8,0.762,0.694444444444444,0.9650735294117628,0.5423553719008258,525,19,443,544
baseline,ONNX_Runtime,INT8,0.763,0.6940397350993374,0.9667896678966772,0.5413223140495862,524,18,444,542
baseline,ONNX_Runtime,INT8,0.764,0.6940397350993374,0.9667896678966772,0.5413223140495862,524,18,444,542
baseline,ONNX_Runtime,INT8,0.765,0.6936339522546415,0.9685185185185168,0.5402892561983466,523,17,445,540
baseline,ONNX_Runtime,INT8,0.766,0.6923588039867106,0.9702048417132196,0.5382231404958672,521,16,447,537
baseline,ONNX_Runtime,INT8,0.767,0.6923588039867106,0.9702048417132196,0.5382231404958672,521,16,447,537
baseline,ONNX_Runtime,INT8,0.768,0.6906187624750495,0.9700934579439234,0.5361570247933879,519,16,449,535
baseline,ONNX_Runtime,INT8,0.769,0.6888740839440369,0.9699812382739194,0.5340909090909085,517,16,451,533
baseline,ONNX_Runtime,INT8,0.77,0.6879999999999996,0.9699248120300732,0.5330578512396689,516,16,452,532
baseline,ONNX_Runtime,INT8,0.771,0.6844919786096253,0.9696969696969678,0.5289256198347102,512,16,456,528
baseline,ONNX_Runtime,INT8,0.772,0.6849498327759194,0.9715370018975312,0.5289256198347102,512,15,456,527
baseline,ONNX_Runtime,INT8,0.773,0.6831882116543867,0.9714285714285696,0.5268595041322308,510,15,458,525
baseline,ONNX_Runtime,INT8,0.774,0.6787634408602147,0.9711538461538444,0.5216942148760325,505,15,463,520
baseline,ONNX_Runtime,INT8,0.775,0.6747638326585691,0.972762645914395,0.5165289256198342,500,14,468,514
baseline,ONNX_Runtime,INT8,0.776,0.6752194463200536,0.9746588693957096,0.5165289256198342,500,13,468,513
baseline,ONNX_Runtime,INT8,0.777,0.6752368064952634,0.9784313725490176,0.5154958677685945,499,11,469,510
baseline,ONNX_Runtime,INT8,0.778,0.6743398781313469,0.9783889980353616,0.5144628099173548,498,11,470,509
baseline,ONNX_Runtime,INT8,0.779,0.6716417910447757,0.9782608695652154,0.5113636363636358,495,11,473,506
baseline,ONNX_Runtime,INT8,0.78,0.6707399864222671,0.9782178217821762,0.5103305785123962,494,11,474,505
baseline,ONNX_Runtime,INT8,0.781,0.6675749318801085,0.979999999999998,0.5061983471074375,490,10,478,500
baseline,ONNX_Runtime,INT8,0.782,0.6648464163822522,0.9798792756539216,0.5030991735537185,487,10,481,497
baseline,ONNX_Runtime,INT8,0.783,0.6575154426904595,0.9795501022494868,0.4948347107438011,479,10,489,489
baseline,ONNX_Runtime,INT8,0.784,0.6538196834136266,0.979381443298967,0.4907024793388425,475,10,493,485
baseline,ONNX_Runtime,INT8,0.785,0.6510344827586203,0.979253112033193,0.4876033057851234,472,10,496,482
baseline,ONNX_Runtime,INT8,0.786,0.6486860304287686,0.9811715481171528,0.4845041322314044,469,9,499,478
baseline,ONNX_Runtime,INT8,0.787,0.6449375866851591,0.981012658227846,0.4803719008264457,465,9,503,474
baseline,ONNX_Runtime,INT8,0.788,0.637377963737796,0.9806866952789678,0.4721074380165284,457,9,511,466
baseline,ONNX_Runtime,INT8,0.789,0.6345213137665964,0.9805615550755918,0.4690082644628094,454,9,514,463
baseline,ONNX_Runtime,INT8,0.79,0.6320953048353184,0.9825708061002156,0.4659090909090904,451,8,517,459
baseline,ONNX_Runtime,INT8,0.791,0.631136044880785,0.9825327510917008,0.4648760330578507,450,8,518,458
baseline,ONNX_Runtime,INT8,0.792,0.6301754385964908,0.9824945295404792,0.463842975206611,449,8,519,457
baseline,ONNX_Runtime,INT8,0.793,0.6282501756851717,0.9824175824175804,0.4617768595041317,447,8,521,455
baseline,ONNX_Runtime,INT8,0.794,0.6243833685694147,0.982261640798224,0.457644628099173,443,8,525,451
baseline,ONNX_Runtime,INT8,0.795,0.6214689265536719,0.9821428571428548,0.4545454545454541,440,8,528,448
baseline,ONNX_Runtime,INT8,0.796,0.6204946996466427,0.9821029082774028,0.4535123966942144,439,8,529,447
baseline,ONNX_Runtime,INT8,0.797,0.6116642958748217,0.9817351598173492,0.4442148760330573,430,8,538,438
baseline,ONNX_Runtime,INT8,0.798,0.6106761565836295,0.9816933638443912,0.4431818181818177,429,8,539,437
baseline,ONNX_Runtime,INT8,0.799,0.6096866096866093,0.9816513761467868,0.442148760330578,428,8,540,436
baseline,ONNX_Runtime,INT8,0.8,0.6041517537580525,0.9836829836829812,0.43595041322314,422,7,546,429
baseline,OpenVINO,INT8,0.3,0.5361238532110091,0.3710317460317459,0.96590909090909,935,1585,33,2520
baseline,OpenVINO,INT8,0.301,0.5376653248993674,0.3725099601593624,0.96590909090909,935,1575,33,2510
baseline,OpenVINO,INT8,0.302,0.5396182764603816,0.3746987951807227,0.9638429752066106,933,1557,35,2490
baseline,OpenVINO,INT8,0.303,0.541183294663573,0.3762096774193547,0.9638429752066106,933,1547,35,2480
baseline,OpenVINO,INT8,0.304,0.5429153331393656,0.3778857837181043,0.9638429752066106,933,1536,35,2469
baseline,OpenVINO,INT8,0.305,0.5440233236151603,0.3789601949634442,0.9638429752066106,933,1529,35,2462
baseline,OpenVINO,INT8,0.306,0.5455077553409422,0.3805634953042056,0.9628099173553708,932,1517,36,2449
baseline,OpenVINO,INT8,0.307,0.5483965872315385,0.383381324557795,0.9628099173553708,932,1499,36,2431
baseline,OpenVINO,INT8,0.308,0.5511531638083973,0.3860811930405963,0.9628099173553708,932,1482,36,2414
baseline,OpenVINO,INT8,0.309,0.5539375928677561,0.388819357530246,0.9628099173553708,932,1465,36,2397
baseline,OpenVINO,INT8,0.31,0.5552576705391717,0.3901213897028043,0.9628099173553708,932,1457,36,2389
baseline,OpenVINO,INT8,0.311,0.556417910447761,0.3912678421494541,0.9628099173553708,932,1450,36,2382
baseline,OpenVINO,INT8,0.312,0.5587529976019183,0.3935810810810809,0.9628099173553708,932,1436,36,2368
baseline,OpenVINO,INT8,0.313,0.56043295249549,0.395250212044105,0.9628099173553708,932,1426,36,2358
baseline,OpenVINO,INT8,0.314,0.5615199034981905,0.3965076660988073,0.9617768595041312,931,1417,37,2348
baseline,OpenVINO,INT8,0.315,0.5651777575205104,0.4003443822643132,0.9607438016528916,930,1393,38,2323
baseline,OpenVINO,INT8,0.316,0.5667276051188298,0.4019014693171995,0.9607438016528916,930,1384,38,2314
baseline,OpenVINO,INT8,0.317,0.568981339859284,0.4041720990873532,0.9607438016528916,930,1371,38,2301
baseline,OpenVINO,INT8,0.318,0.5702023298589821,0.4054054054054052,0.9607438016528916,930,1364,38,2294
baseline,OpenVINO,INT8,0.319,0.5709895513214504,0.406386701662292,0.959710743801652,929,1357,39,2286
baseline,OpenVINO,INT8,0.32,0.5729263028060436,0.4083516483516481,0.959710743801652,929,1346,39,2275
baseline,OpenVINO,INT8,0.321,0.5746984225177851,0.4101545253863133,0.959710743801652,929,1336,39,2265
baseline,OpenVINO,INT8,0.322,0.5766604593420235,0.4121561668145517,0.959710743801652,929,1325,39,2254
baseline,OpenVINO,INT8,0.323,0.5791770573566083,0.4147321428571427,0.959710743801652,929,1311,39,2240
baseline,OpenVINO,INT8,0.324,0.5799999999999998,0.4157706093189962,0.9586776859504124,928,1304,40,2232
baseline,OpenVINO,INT8,0.325,0.5821831869510663,0.4180180180180178,0.9586776859504124,928,1292,40,2220
baseline,OpenVINO,INT8,0.326,0.5832809553739785,0.4191508581752482,0.9586776859504124,928,1286,40,2214
baseline,OpenVINO,INT8,0.327,0.5852272727272726,0.4213636363636361,0.9576446280991724,927,1273,41,2200
baseline,OpenVINO,INT8,0.328,0.5870804306523114,0.4232876712328765,0.9576446280991724,927,1263,41,2190
baseline,OpenVINO,INT8,0.329,0.5889453621346885,0.4252293577981649,0.9576446280991724,927,1253,41,2180
baseline,OpenVINO,INT8,0.33,0.5913875598086122,0.4277803414859251,0.9576446280991724,927,1240,41,2167
baseline,OpenVINO,INT8,0.331,0.5932799999999998,0.4297635605006952,0.9576446280991724,927,1230,41,2157
baseline,OpenVINO,INT8,0.332,0.5944212888746392,0.4309623430962341,0.9576446280991724,927,1224,41,2151
baseline,OpenVINO,INT8,0.333,0.5957583547557839,0.4323694029850744,0.9576446280991724,927,1217,41,2144
baseline,OpenVINO,INT8,0.334,0.5971014492753621,0.4337856808610199,0.9576446280991724,927,1210,41,2137
baseline,OpenVINO,INT8,0.335,0.5990306946688205,0.4358251057827925,0.9576446280991724,927,1200,41,2127
baseline,OpenVINO,INT8,0.336,0.5998058880621157,0.4366462552991048,0.9576446280991724,927,1196,41,2123
baseline,OpenVINO,INT8,0.337,0.6011035378123984,0.4382394699479411,0.9566115702479328,926,1187,42,2113
baseline,OpenVINO,INT8,0.338,0.602998696219035,0.4404761904761903,0.9555785123966932,925,1175,43,2100
baseline,OpenVINO,INT8,0.339,0.6035889070146817,0.4411063423938958,0.9555785123966932,925,1172,43,2097
baseline,OpenVINO,INT8,0.34,0.6041802743305028,0.4417382999044888,0.9555785123966932,925,1169,43,2094
baseline,OpenVINO,INT8,0.341,0.6059613494923025,0.4436450839328535,0.9555785123966932,925,1160,43,2085
baseline,OpenVINO,INT8,0.342,0.6085526315789472,0.4464285714285712,0.9555785123966932,925,1147,43,2072
baseline,OpenVINO,INT8,0.343,0.6105610561056104,0.4485935984481084,0.9555785123966932,925,1137,43,2062
baseline,OpenVINO,INT8,0.344,0.6111661711265277,0.4492472073822242,0.9555785123966932,925,1134,43,2059
baseline,OpenVINO,INT8,0.345,0.6123800066203242,0.4505601558694591,0.9555785123966932,925,1128,43,2053
baseline,OpenVINO,INT8,0.346,0.6146179401993354,0.4529872673849165,0.9555785123966932,925,1117,43,2042
baseline,OpenVINO,INT8,0.347,0.6170780520346896,0.4556650246305416,0.9555785123966932,925,1105,43,2030
baseline,OpenVINO,INT8,0.348,0.619510559839088,0.4585607940446648,0.9545454545454536,924,1091,44,2015
baseline,OpenVINO,INT8,0.349,0.621339616290811,0.4608087868197701,0.9535123966942138,923,1080,45,2003
baseline,OpenVINO,INT8,0.35,0.6228070175438595,0.4624248496993985,0.9535123966942138,923,1073,45,1996
baseline,OpenVINO,INT8,0.351,0.6242813662495771,0.4640522875816991,0.9535123966942138,923,1066,45,1989
baseline,OpenVINO,INT8,0.352,0.6255506607929513,0.4654563792233986,0.9535123966942138,923,1060,45,1983
baseline,OpenVINO,INT8,0.353,0.6266123557365918,0.466632962588473,0.9535123966942138,923,1055,45,1978
baseline,OpenVINO,INT8,0.354,0.628104797550187,0.4682902080162352,0.9535123966942138,923,1048,45,1971
baseline,OpenVINO,INT8,0.355,0.6296043656207365,0.4699592668024437,0.9535123966942138,923,1041,45,1964
baseline,OpenVINO,INT8,0.356,0.6319753509072233,0.4726062467997949,0.9535123966942138,923,1030,45,1953
baseline,OpenVINO,INT8,0.357,0.6332761578044594,0.4740626605033382,0.9535123966942138,923,1024,45,1947
baseline,OpenVINO,INT8,0.358,0.6341463414634144,0.4750386001029333,0.9535123966942138,923,1020,45,1943
baseline,OpenVINO,INT8,0.359,0.6354238456237076,0.4767321613236813,0.9524793388429742,922,1012,46,1934
baseline,OpenVINO,INT8,0.36,0.6360497237569058,0.4776970954356844,0.9514462809917346,921,1007,47,1928
baseline,OpenVINO,INT8,0.361,0.6375908618899271,0.4794377928162413,0.9514462809917346,921,1000,47,1921
baseline,OpenVINO,INT8,0.362,0.6378116343490303,0.4796874999999997,0.9514462809917346,921,999,47,1920
baseline,OpenVINO,INT8,0.363,0.6395550921098364,0.4819277108433732,0.9504132231404948,920,989,48,1909
baseline,OpenVINO,INT8,0.364,0.64066852367688,0.4831932773109241,0.9504132231404948,920,984,48,1904
baseline,OpenVINO,INT8,0.365,0.6429070580013975,0.4857444561774021,0.9504132231404948,920,974,48,1894
baseline,OpenVINO,INT8,0.366,0.6435816719132562,0.4865150713907983,0.9504132231404948,920,971,48,1891
baseline,OpenVINO,INT8,0.367,0.643806857942617,0.4867724867724865,0.9504132231404948,920,970,48,1890
baseline,OpenVINO,INT8,0.368,0.6453875833041036,0.4885820499203396,0.9504132231404948,920,963,48,1883
baseline,OpenVINO,INT8,0.369,0.6467276565798731,0.4903948772678759,0.9493801652892552,919,955,49,1874
baseline,OpenVINO,INT8,0.37,0.6478674656327104,0.4917067950775813,0.9493801652892552,919,950,49,1869
baseline,OpenVINO,INT8,0.371,0.6487822096717258,0.4927613941018764,0.9493801652892552,919,946,49,1865
baseline,OpenVINO,INT8,0.372,0.6503719447396384,0.4948787061994606,0.9483471074380156,918,937,50,1855
baseline,OpenVINO,INT8,0.373,0.6526839672947029,0.4975609756097559,0.9483471074380156,918,927,50,1845
baseline,OpenVINO,INT8,0.374,0.6545454545454543,0.4997278170930863,0.9483471074380156,918,919,50,1837
baseline,OpenVINO,INT8,0.375,0.6552462526766594,0.5005452562704469,0.9483471074380156,918,916,50,1834
baseline,OpenVINO,INT8,0.376,0.657122405153901,0.5027382256297916,0.9483471074380156,918,908,50,1826
baseline,OpenVINO,INT8,0.377,0.6590093323761663,0.5049504950495047,0.9483471074380156,918,900,50,1818
baseline,OpenVINO,INT8,0.378,0.659956865564342,0.5060639470782798,0.9483471074380156,918,896,50,1814
baseline,OpenVINO,INT8,0.379,0.6623376623376621,0.5088691796008866,0.9483471074380156,918,886,50,1804
baseline,OpenVINO,INT8,0.38,0.6637744034707156,0.5105672969966627,0.9483471074380156,918,880,50,1798
baseline,OpenVINO,INT8,0.381,0.6644951140065144,0.5114206128133703,0.9483471074380156,918,877,50,1795
baseline,OpenVINO,INT8,0.382,0.6656997824510512,0.5128491620111729,0.9483471074380156,918,872,50,1790
baseline,OpenVINO,INT8,0.383,0.6669088267344713,0.514285714285714,0.9483471074380156,918,867,50,1785
baseline,OpenVINO,INT8,0.384,0.668608885651857,0.5163104611923507,0.9483471074380156,918,860,50,1778
baseline,OpenVINO,INT8,0.385,0.6695906432748536,0.5180995475113119,0.946280991735536,916,852,52,1768
baseline,OpenVINO,INT8,0.386,0.6708165507140239,0.5195689166193985,0.946280991735536,916,847,52,1763
baseline,OpenVINO,INT8,0.387,0.6727873668747703,0.5219373219373217,0.946280991735536,916,839,52,1755
baseline,OpenVINO,INT8,0.388,0.6747697974217309,0.5243274184315968,0.946280991735536,916,831,52,1747
baseline,OpenVINO,INT8,0.389,0.6760251200591058,0.5261644623346748,0.9452479338842964,915,824,53,1739
baseline,OpenVINO,INT8,0.39,0.6767751479289938,0.5270737327188937,0.9452479338842964,915,821,53,1736
baseline,OpenVINO,INT8,0.391,0.6787833827893173,0.5295138888888886,0.9452479338842964,915,813,53,1728
baseline,OpenVINO,INT8,0.392,0.6797919762258542,0.5307424593967515,0.9452479338842964,915,809,53,1724
baseline,OpenVINO,INT8,0.393,0.6795682917752137,0.5311227457824313,0.9431818181818172,913,806,55,1719
baseline,OpenVINO,INT8,0.394,0.6815976110488986,0.5336060783167735,0.9431818181818172,913,798,55,1711
baseline,OpenVINO,INT8,0.395,0.6821068360104592,0.5342305441778815,0.9431818181818172,913,796,55,1709
baseline,OpenVINO,INT8,0.396,0.6834020232296738,0.5361552028218692,0.9421487603305776,912,789,56,1701
baseline,OpenVINO,INT8,0.397,0.683914510686164,0.5367863449087695,0.9421487603305776,912,787,56,1699
baseline,OpenVINO,INT8,0.398,0.6841907622981598,0.5374631268436575,0.9411157024793378,911,784,57,1695
baseline,OpenVINO,INT8,0.399,0.6842105263157893,0.5378250591016546,0.9400826446280982,910,782,58,1692
baseline,OpenVINO,INT8,0.4,0.6857573474001505,0.539739027283511,0.9400826446280982,910,776,58,1686
baseline,OpenVINO,INT8,0.401,0.6865333836288191,0.5407011289364227,0.9400826446280982,910,773,58,1683
baseline,OpenVINO,INT8,0.402,0.6880907372400754,0.5426356589147284,0.9400826446280982,910,767,58,1677
baseline,OpenVINO,INT8,0.403,0.6899166034874903,0.5449101796407183,0.9400826446280982,910,760,58,1670
baseline,OpenVINO,INT8,0.404,0.6917521854808055,0.5472038484666263,0.9400826446280982,910,753,58,1663
baseline,OpenVINO,INT8,0.405,0.691780821917808,0.5475903614457829,0.9390495867768583,909,751,59,1660
baseline,OpenVINO,INT8,0.406,0.6946885747038591,0.5512431776834442,0.9390495867768583,909,740,59,1649
baseline,OpenVINO,INT8,0.407,0.6960521272518204,0.5533211456429004,0.9380165289256188,908,733,60,1641
baseline,OpenVINO,INT8,0.408,0.6979246733282088,0.5556915544675639,0.9380165289256188,908,726,60,1634
baseline,OpenVINO,INT8,0.409,0.6995757809487078,0.5581538461538459,0.9369834710743792,907,718,61,1625
baseline,OpenVINO,INT8,0.41,0.6998841251448433,0.5589142504626771,0.9359504132231397,906,715,62,1621
baseline,OpenVINO,INT8,0.411,0.7023255813953486,0.562034739454094,0.9359504132231397,906,706,62,1612
baseline,OpenVINO,INT8,0.412,0.7034161490683227,0.5634328358208952,0.9359504132231397,906,702,62,1608
baseline,OpenVINO,INT8,0.413,0.7053328143246397,0.5658963148032476,0.9359504132231397,906,695,62,1601
baseline,OpenVINO,INT8,0.414,0.708920187793427,0.5705289672544077,0.9359504132231397,906,682,62,1588
baseline,OpenVINO,INT8,0.415,0.7092476489028211,0.5713383838383835,0.9349173553718998,905,679,63,1584
baseline,OpenVINO,INT8,0.416,0.7103610675039244,0.572784810126582,0.9349173553718998,905,675,63,1580
baseline,OpenVINO,INT8,0.417,0.7125984251968501,0.5756997455470735,0.9349173553718998,905,667,63,1572
baseline,OpenVINO,INT8,0.418,0.7142857142857141,0.5779054916985948,0.9349173553718998,905,661,63,1566
baseline,OpenVINO,INT8,0.419,0.7151323587514814,0.5790147152911065,0.9349173553718998,905,658,63,1563
baseline,OpenVINO,INT8,0.42,0.7154150197628456,0.579385403329065,0.9349173553718998,905,657,63,1562
baseline,OpenVINO,INT8,0.421,0.7176843774781917,0.582368082368082,0.9349173553718998,905,649,63,1554
baseline,OpenVINO,INT8,0.422,0.7183154549066346,0.5836023240800513,0.9338842975206602,904,645,64,1549
baseline,OpenVINO,INT8,0.423,0.7186009538950713,0.5839793281653743,0.9338842975206602,904,644,64,1548
baseline,OpenVINO,INT8,0.424,0.7194588141663348,0.585113268608414,0.9338842975206602,904,641,64,1545
baseline,OpenVINO,INT8,0.425,0.7203187250996014,0.5862516212710762,0.9338842975206602,904,638,64,1542
baseline,OpenVINO,INT8,0.426,0.7215341590091887,0.5882736156351788,0.9328512396694204,903,632,65,1535
baseline,OpenVINO,INT8,0.427,0.7233360064153966,0.5910878112712972,0.9318181818181808,902,624,66,1526
baseline,OpenVINO,INT8,0.428,0.7244979919678712,0.5926412614980285,0.9318181818181808,902,620,66,1522
baseline,OpenVINO,INT8,0.429,0.7277127874142797,0.5969556585043014,0.9318181818181808,902,609,66,1511
baseline,OpenVINO,INT8,0.43,0.7297734627831712,0.5997340425531911,0.9318181818181808,902,602,66,1504
baseline,OpenVINO,INT8,0.431,0.7306601863102468,0.6009327115256492,0.9318181818181808,902,599,66,1501
baseline,OpenVINO,INT8,0.432,0.7316280958181077,0.6026755852842806,0.9307851239669412,901,594,67,1495
baseline,OpenVINO,INT8,0.433,0.7323026851098451,0.6040268456375836,0.9297520661157016,900,590,68,1490
baseline,OpenVINO,INT8,0.434,0.7329800244598448,0.605387205387205,0.928719008264462,899,586,69,1485
baseline,OpenVINO,INT8,0.435,0.7348608837970537,0.6084010840108397,0.927685950413222,898,578,70,1476
baseline,OpenVINO,INT8,0.436,0.7360655737704915,0.6100543478260866,0.927685950413222,898,574,70,1472
baseline,OpenVINO,INT8,0.437,0.7378800328677072,0.6125511596180078,0.927685950413222,898,568,70,1466
baseline,OpenVINO,INT8,0.438,0.7397034596375615,0.6150684931506846,0.927685950413222,898,562,70,1460
baseline,OpenVINO,INT8,0.439,0.7406185567010306,0.6163349347975288,0.927685950413222,898,559,70,1457
baseline,OpenVINO,INT8,0.44,0.7424555601488215,0.6188835286009645,0.927685950413222,898,553,70,1451
baseline,OpenVINO,INT8,0.441,0.7430699213901528,0.6197377501725324,0.927685950413222,898,551,70,1449
baseline,OpenVINO,INT8,0.442,0.7439933719966857,0.6210235131396953,0.927685950413222,898,548,70,1446
baseline,OpenVINO,INT8,0.443,0.7467775467775465,0.6249130132219899,0.927685950413222,898,539,70,1437
baseline,OpenVINO,INT8,0.444,0.7480216576426486,0.6266573621772501,0.927685950413222,898,535,70,1433
baseline,OpenVINO,INT8,0.445,0.7483333333333331,0.6270949720670387,0.927685950413222,898,534,70,1432
baseline,OpenVINO,INT8,0.446,0.7508361204013375,0.6306179775280895,0.927685950413222,898,526,70,1424
baseline,OpenVINO,INT8,0.447,0.7512562814070349,0.63169014084507,0.9266528925619824,897,523,71,1420
baseline,OpenVINO,INT8,0.448,0.7522012578616349,0.6330275229357795,0.9266528925619824,897,520,71,1417
baseline,OpenVINO,INT8,0.449,0.7532576712904578,0.635010630758327,0.9256198347107428,896,515,72,1411
baseline,OpenVINO,INT8,0.45,0.7533670033670031,0.6356534090909087,0.9245867768595032,895,513,73,1408
baseline,OpenVINO,INT8,0.451,0.7543194268857982,0.6370106761565832,0.9245867768595032,895,510,73,1405
baseline,OpenVINO,INT8,0.452,0.7559121621621618,0.6392857142857139,0.9245867768595032,895,505,73,1400
baseline,OpenVINO,INT8,0.453,0.7566652560304694,0.640860215053763,0.9235537190082634,894,501,74,1395
baseline,OpenVINO,INT8,0.454,0.7567796610169488,0.6415229885057467,0.9225206611570238,893,499,75,1392
baseline,OpenVINO,INT8,0.455,0.757537154989384,0.6431146359048302,0.9214876033057842,892,495,76,1387
baseline,OpenVINO,INT8,0.456,0.7591489361702125,0.6454413892908824,0.9214876033057842,892,490,76,1382
baseline,OpenVINO,INT8,0.457,0.7595907928388744,0.6465892597968066,0.9204545454545444,891,487,77,1378
baseline,OpenVINO,INT8,0.458,0.7618640444634456,0.6498905908096276,0.9204545454545444,891,480,77,1371
baseline,OpenVINO,INT8,0.459,0.7641509433962261,0.6532258064516124,0.9204545454545444,891,473,77,1364
baseline,OpenVINO,INT8,0.46,0.7672413793103445,0.6582840236686386,0.9194214876033048,890,462,78,1352
baseline,OpenVINO,INT8,0.461,0.7679033649698013,0.6592592592592588,0.9194214876033048,890,460,78,1350
baseline,OpenVINO,INT8,0.462,0.7702293379489396,0.662695457930007,0.9194214876033048,890,453,78,1343
baseline,OpenVINO,INT8,0.463,0.7708964919878732,0.6636838180462337,0.9194214876033048,890,451,78,1341
baseline,OpenVINO,INT8,0.464,0.7718993928881176,0.6651718983557544,0.9194214876033048,890,448,78,1338
baseline,OpenVINO,INT8,0.465,0.7735767057800953,0.6676669167291819,0.9194214876033048,890,443,78,1333
baseline,OpenVINO,INT8,0.466,0.7742496737712046,0.6686701728024037,0.9194214876033048,890,441,78,1331
baseline,OpenVINO,INT8,0.467,0.7759372275501305,0.6711915535444942,0.9194214876033048,890,436,78,1326
baseline,OpenVINO,INT8,0.468,0.7776321537789425,0.6737320211960631,0.9194214876033048,890,431,78,1321
baseline,OpenVINO,INT8,0.469,0.7781181619256015,0.6750189825360664,0.9183884297520652,889,428,79,1317
baseline,OpenVINO,INT8,0.47,0.7794826830337568,0.6770753998476766,0.9183884297520652,889,424,79,1313
baseline,OpenVINO,INT8,0.471,0.7808519982433023,0.6791443850267375,0.9183884297520652,889,420,79,1309
baseline,OpenVINO,INT8,0.472,0.7808519982433023,0.6791443850267375,0.9183884297520652,889,420,79,1309
baseline,OpenVINO,INT8,0.473,0.7811950790861156,0.6796636085626907,0.9183884297520652,889,419,79,1308
baseline,OpenVINO,INT8,0.474,0.782226132864056,0.6812260536398462,0.9183884297520652,889,416,79,1305
baseline,OpenVINO,INT8,0.475,0.7830687830687828,0.6830769230769226,0.9173553719008256,888,412,80,1300
baseline,OpenVINO,INT8,0.476,0.7835689045936393,0.6844135802469131,0.916322314049586,887,409,81,1296
baseline,OpenVINO,INT8,0.477,0.7842617152961977,0.6854714064914987,0.916322314049586,887,407,81,1294
baseline,OpenVINO,INT8,0.478,0.7846085802742147,0.6860015467904094,0.916322314049586,887,406,81,1293
baseline,OpenVINO,INT8,0.479,0.7859991138679661,0.6881303335919312,0.916322314049586,887,402,81,1289
baseline,OpenVINO,INT8,0.48,0.7877442273534633,0.6908099688473516,0.916322314049586,887,397,81,1284
baseline,OpenVINO,INT8,0.481,0.7884444444444442,0.6918876755070198,0.916322314049586,887,395,81,1282
baseline,OpenVINO,INT8,0.482,0.7887950200088926,0.6924277907884461,0.916322314049586,887,394,81,1281
baseline,OpenVINO,INT8,0.483,0.7900133749442707,0.6949019607843132,0.915289256198346,886,389,82,1275
baseline,OpenVINO,INT8,0.484,0.7914247431889233,0.6970889063729342,0.915289256198346,886,385,82,1271
baseline,OpenVINO,INT8,0.485,0.7910514541387021,0.6977111286503547,0.9132231404958668,884,383,84,1267
baseline,OpenVINO,INT8,0.486,0.7906768265351857,0.6983372921615197,0.9111570247933874,882,381,86,1263
baseline,OpenVINO,INT8,0.487,0.7904890085240015,0.6986518636003167,0.9101239669421478,881,380,87,1261
baseline,OpenVINO,INT8,0.488,0.7915543575920931,0.7003179650238469,0.9101239669421478,881,377,87,1258
baseline,OpenVINO,INT8,0.489,0.793336334984241,0.7031125299281719,0.9101239669421478,881,372,87,1253
baseline,OpenVINO,INT8,0.49,0.7951263537906134,0.7059294871794867,0.9101239669421478,881,367,87,1248
baseline,OpenVINO,INT8,0.491,0.7962042476276544,0.7076305220883529,0.9101239669421478,881,364,87,1245
baseline,OpenVINO,INT8,0.492,0.795115332428765,0.707160096540627,0.9080578512396684,879,364,89,1243
baseline,OpenVINO,INT8,0.493,0.7954751131221717,0.7077294685990333,0.9080578512396684,879,363,89,1242
baseline,OpenVINO,INT8,0.494,0.7965564114182144,0.7094430992736073,0.9080578512396684,879,360,89,1239
baseline,OpenVINO,INT8,0.495,0.7974568574023612,0.7115072933549428,0.9070247933884288,878,356,90,1234
baseline,OpenVINO,INT8,0.496,0.7979981801637849,0.7130081300813003,0.9059917355371891,877,353,91,1230
baseline,OpenVINO,INT8,0.497,0.7981776765375851,0.7139364303178479,0.9049586776859496,876,351,92,1227
baseline,OpenVINO,INT8,0.498,0.7994518044769298,0.7166257166257161,0.9039256198347098,875,346,93,1221
baseline,OpenVINO,INT8,0.499,0.7992684042066754,0.7169811320754712,0.90289256198347,874,345,94,1219
baseline,OpenVINO,INT8,0.5,0.7992684042066754,0.7169811320754712,0.90289256198347,874,345,94,1219
baseline,OpenVINO,INT8,0.501,0.8014672168729937,0.7205276174773284,0.90289256198347,874,339,94,1213
baseline,OpenVINO,INT8,0.502,0.8040478380864762,0.7247097844112764,0.90289256198347,874,332,94,1206
baseline,OpenVINO,INT8,0.503,0.8055299539170504,0.727121464226289,0.90289256198347,874,328,94,1202
baseline,OpenVINO,INT8,0.504,0.8070175438596487,0.7295492487479126,0.90289256198347,874,324,94,1198
baseline,OpenVINO,INT8,0.505,0.8073903002309465,0.7301587301587296,0.90289256198347,874,323,94,1197
baseline,OpenVINO,INT8,0.506,0.8081368469717981,0.7313807531380747,0.90289256198347,874,321,94,1195
baseline,OpenVINO,INT8,0.507,0.8077813802686425,0.7321578505457593,0.9008264462809908,872,319,96,1191
baseline,OpenVINO,INT8,0.508,0.8089053803339514,0.7340067340067334,0.9008264462809908,872,316,96,1188
baseline,OpenVINO,INT8,0.509,0.8100325127728747,0.735864978902953,0.9008264462809908,872,313,96,1185
baseline,OpenVINO,INT8,0.51,0.8117427772600183,0.7393887945670623,0.8997933884297511,871,307,97,1178
baseline,OpenVINO,INT8,0.511,0.8121212121212118,0.7400169923534404,0.8997933884297511,871,306,97,1177
baseline,OpenVINO,INT8,0.512,0.8128791413905736,0.7412765957446803,0.8997933884297511,871,304,97,1175
baseline,OpenVINO,INT8,0.513,0.813638486688463,0.7425404944586524,0.8997933884297511,871,302,97,1173
baseline,OpenVINO,INT8,0.514,0.8138447146866227,0.7435897435897431,0.8987603305785115,870,300,98,1170
baseline,OpenVINO,INT8,0.515,0.8144329896907213,0.7452830188679239,0.8977272727272718,869,297,99,1166
baseline,OpenVINO,INT8,0.516,0.8148148148148144,0.7459227467811153,0.8977272727272718,869,296,99,1165
baseline,OpenVINO,INT8,0.517,0.8161730136342262,0.7489214840379632,0.8966942148760321,868,291,100,1159
baseline,OpenVINO,INT8,0.518,0.8154425612052727,0.7491349480968852,0.8946280991735528,866,290,102,1156
baseline,OpenVINO,INT8,0.519,0.8162111215834116,0.7504332755632577,0.8946280991735528,866,288,102,1154
baseline,OpenVINO,INT8,0.52,0.8196876478939893,0.756331877729257,0.8946280991735528,866,279,102,1145
baseline,OpenVINO,INT8,0.521,0.8196876478939893,0.756331877729257,0.8946280991735528,866,279,102,1145
baseline,OpenVINO,INT8,0.522,0.8199052132701419,0.7574430823117332,0.8935950413223132,865,277,103,1142
baseline,OpenVINO,INT8,0.523,0.8202939781887146,0.7581069237510949,0.8935950413223132,865,276,103,1141
baseline,OpenVINO,INT8,0.524,0.8214624881291545,0.7601054481546566,0.8935950413223132,865,273,103,1138
baseline,OpenVINO,INT8,0.525,0.8216833095577742,0.7612334801762108,0.8925619834710734,864,271,104,1135
baseline,OpenVINO,INT8,0.526,0.8215648854961829,0.7632978723404249,0.8894628099173544,861,267,107,1128
baseline,OpenVINO,INT8,0.527,0.8212237093690244,0.7642348754448393,0.8873966942148751,859,265,109,1124
baseline,OpenVINO,INT8,0.528,0.8227969348659,0.7669642857142851,0.8873966942148751,859,261,109,1120
baseline,OpenVINO,INT8,0.529,0.8227969348659,0.7669642857142851,0.8873966942148751,859,261,109,1120
baseline,OpenVINO,INT8,0.53,0.823585810162991,0.7683363148479422,0.8873966942148751,859,259,109,1118
baseline,OpenVINO,INT8,0.531,0.823585810162991,0.7683363148479422,0.8873966942148751,859,259,109,1118
baseline,OpenVINO,INT8,0.532,0.823585810162991,0.7683363148479422,0.8873966942148751,859,259,109,1118
baseline,OpenVINO,INT8,0.533,0.8239808153477215,0.7690241718889878,0.8873966942148751,859,258,109,1117
baseline,OpenVINO,INT8,0.534,0.8243761996161225,0.7697132616487449,0.8873966942148751,859,257,109,1116
baseline,OpenVINO,INT8,0.535,0.8259615384615381,0.7724820143884886,0.8873966942148751,859,253,109,1112
baseline,OpenVINO,INT8,0.536,0.826756496631376,0.7738738738738732,0.8873966942148751,859,251,109,1110
baseline,OpenVINO,INT8,0.537,0.8279518072289153,0.7759710930442631,0.8873966942148751,859,248,109,1107
baseline,OpenVINO,INT8,0.538,0.8293861768970513,0.7792915531335144,0.8863636363636355,858,243,110,1101
baseline,OpenVINO,INT8,0.539,0.8292210933720364,0.7797998180163779,0.8853305785123957,857,242,111,1099
baseline,OpenVINO,INT8,0.54,0.8308288899660685,0.7826484018264833,0.8853305785123957,857,238,111,1095
baseline,OpenVINO,INT8,0.541,0.8314715881495868,0.7846012832263971,0.8842975206611561,856,235,112,1091
baseline,OpenVINO,INT8,0.542,0.8321167883211675,0.786568537258509,0.8832644628099164,855,232,113,1087
baseline,OpenVINO,INT8,0.543,0.8319532391622013,0.7870967741935477,0.8822314049586768,854,231,114,1085
baseline,OpenVINO,INT8,0.544,0.8313840155945416,0.7869003690036894,0.881198347107437,853,231,115,1084
baseline,OpenVINO,INT8,0.545,0.8320312499999997,0.7888888888888882,0.8801652892561974,852,228,116,1080
baseline,OpenVINO,INT8,0.546,0.8324377137274056,0.7896200185356805,0.8801652892561974,852,227,116,1079
baseline,OpenVINO,INT8,0.547,0.8326810176125241,0.7908921933085495,0.8791322314049578,851,225,117,1076
baseline,OpenVINO,INT8,0.548,0.8333333333333329,0.7929104477611933,0.878099173553718,850,222,118,1072
baseline,OpenVINO,INT8,0.549,0.8327611574301125,0.7927170868347332,0.8770661157024784,849,222,119,1071
baseline,OpenVINO,INT8,0.55,0.8346456692913382,0.7969924812030068,0.8760330578512388,848,216,120,1064
baseline,OpenVINO,INT8,0.551,0.8353057199211041,0.7990566037735842,0.8749999999999991,847,213,121,1060
baseline,OpenVINO,INT8,0.552,0.8357178095707939,0.7998111425873459,0.8749999999999991,847,212,121,1059
baseline,OpenVINO,INT8,0.553,0.8349802371541498,0.8001893939393933,0.8729338842975197,845,211,123,1056
baseline,OpenVINO,INT8,0.554,0.8353929807217001,0.8009478672985775,0.8729338842975197,845,210,123,1055
baseline,OpenVINO,INT8,0.555,0.8362196932211773,0.8024691358024685,0.8729338842975197,845,208,123,1053
baseline,OpenVINO,INT8,0.556,0.8370480435859332,0.8039961941008557,0.8729338842975197,845,206,123,1051
baseline,OpenVINO,INT8,0.557,0.8355688027819171,0.8047846889952146,0.8688016528925611,841,204,127,1045
baseline,OpenVINO,INT8,0.558,0.838066766317887,0.8094321462945132,0.8688016528925611,841,198,127,1039
baseline,OpenVINO,INT8,0.559,0.8393213572854288,0.8117760617760611,0.8688016528925611,841,195,127,1036
baseline,OpenVINO,INT8,0.56,0.8393213572854288,0.8117760617760611,0.8688016528925611,841,195,127,1036
baseline,OpenVINO,INT8,0.561,0.8409999999999996,0.8149224806201543,0.8688016528925611,841,191,127,1032
baseline,OpenVINO,INT8,0.562,0.8418418418418414,0.8165048543689313,0.8688016528925611,841,189,127,1030
baseline,OpenVINO,INT8,0.563,0.8416833667334666,0.8171206225680927,0.8677685950413214,840,188,128,1028
baseline,OpenVINO,INT8,0.564,0.8429503261414949,0.8195121951219505,0.8677685950413214,840,185,128,1025
baseline,OpenVINO,INT8,0.565,0.8442211055276378,0.8219178082191773,0.8677685950413214,840,182,128,1022
baseline,OpenVINO,INT8,0.566,0.844064386317907,0.8225490196078423,0.8667355371900818,839,181,129,1020
baseline,OpenVINO,INT8,0.567,0.8441754916792734,0.8246305418719203,0.8646694214876024,837,178,131,1015
baseline,OpenVINO,INT8,0.568,0.8424242424242421,0.824110671936758,0.8615702479338834,834,178,134,1012
baseline,OpenVINO,INT8,0.569,0.842690945877592,0.825569871159563,0.8605371900826437,833,176,135,1009
baseline,OpenVINO,INT8,0.57,0.842372022301064,0.8268656716417903,0.8584710743801643,831,174,137,1005
baseline,OpenVINO,INT8,0.571,0.8432267884322675,0.8285144566301088,0.8584710743801643,831,172,137,1003
baseline,OpenVINO,INT8,0.572,0.8432267884322675,0.8285144566301088,0.8584710743801643,831,172,137,1003
baseline,OpenVINO,INT8,0.573,0.8430675469781611,0.8291708291708283,0.8574380165289247,830,171,138,1001
baseline,OpenVINO,INT8,0.574,0.842907981698017,0.829829829829829,0.8564049586776851,829,170,139,999
baseline,OpenVINO,INT8,0.575,0.8425878757004581,0.8311557788944715,0.8543388429752057,827,168,141,995
baseline,OpenVINO,INT8,0.576,0.8432873915262885,0.8335015136226026,0.853305785123966,826,165,142,991
baseline,OpenVINO,INT8,0.577,0.8419437340153448,0.833839918946301,0.850206611570247,823,164,145,987
baseline,OpenVINO,INT8,0.578,0.842213114754098,0.8353658536585357,0.8491735537190074,822,162,146,984
baseline,OpenVINO,INT8,0.579,0.8424833247819391,0.8369011213047901,0.8481404958677677,821,160,147,981
baseline,OpenVINO,INT8,0.58,0.8421593830334186,0.8382804503582386,0.8460743801652884,819,158,149,977
baseline,OpenVINO,INT8,0.581,0.84140061791967,0.8388090349075966,0.8440082644628091,817,157,151,974
baseline,OpenVINO,INT8,0.582,0.8440082644628095,0.8440082644628091,0.8440082644628091,817,151,151,968
baseline,OpenVINO,INT8,0.583,0.8436853002070389,0.845435684647302,0.8419421487603297,815,149,153,964
baseline,OpenVINO,INT8,0.584,0.8445595854922275,0.8471933471933463,0.8419421487603297,815,147,153,962
baseline,OpenVINO,INT8,0.585,0.8445595854922275,0.8471933471933463,0.8419421487603297,815,147,153,962
baseline,OpenVINO,INT8,0.586,0.8442367601246102,0.8486430062630471,0.8398760330578503,813,145,155,958
baseline,OpenVINO,INT8,0.587,0.8451143451143447,0.85041841004184,0.8398760330578503,813,143,155,956
baseline,OpenVINO,INT8,0.588,0.8445137805512216,0.8502617801047111,0.8388429752066107,812,143,156,955
baseline,OpenVINO,INT8,0.589,0.8458333333333329,0.8529411764705873,0.8388429752066107,812,140,156,952
baseline,OpenVINO,INT8,0.59,0.8456725755995825,0.8536842105263148,0.837809917355371,811,139,157,950
baseline,OpenVINO,INT8,0.591,0.8449086161879892,0.8542766631467784,0.8357438016528916,809,138,159,947
baseline,OpenVINO,INT8,0.592,0.84458398744113,0.8557794273594901,0.8336776859504124,807,136,161,943
baseline,OpenVINO,INT8,0.593,0.8463555322496064,0.8594249201277946,0.8336776859504124,807,132,161,939
baseline,OpenVINO,INT8,0.594,0.8451443569553801,0.8591248665955167,0.831611570247933,805,132,163,937
baseline,OpenVINO,INT8,0.595,0.844981607987388,0.8598930481283413,0.8305785123966933,804,131,164,935
baseline,OpenVINO,INT8,0.596,0.8446550816219058,0.8614393125671311,0.828512396694214,802,129,166,931
baseline,OpenVINO,INT8,0.597,0.8462757527733752,0.865945945945945,0.8274793388429743,801,124,167,925
baseline,OpenVINO,INT8,0.598,0.846113167636171,0.866738894907908,0.8264462809917347,800,123,168,923
baseline,OpenVINO,INT8,0.599,0.8468468468468464,0.8694232861806301,0.825413223140495,799,120,169,919
baseline,OpenVINO,INT8,0.6,0.8475836431226762,0.8721311475409826,0.8243801652892553,798,117,170,915
baseline,OpenVINO,INT8,0.601,0.8475836431226762,0.8721311475409826,0.8243801652892553,798,117,170,915
baseline,OpenVINO,INT8,0.602,0.8468085106382974,0.8728070175438587,0.822314049586776,796,116,172,912
baseline,OpenVINO,INT8,0.603,0.8466453674121401,0.8736263736263726,0.8212809917355364,795,115,173,910
baseline,OpenVINO,INT8,0.604,0.8452508004268939,0.8741721854304626,0.8181818181818173,792,114,176,906
baseline,OpenVINO,INT8,0.605,0.8444681988241578,0.8748615725359902,0.816115702479338,790,113,178,903
baseline,OpenVINO,INT8,0.606,0.8426124197002137,0.8744444444444435,0.8130165289256189,787,113,181,900
baseline,OpenVINO,INT8,0.607,0.8419925013390462,0.8743047830923238,0.8119834710743793,786,113,182,899
baseline,OpenVINO,INT8,0.608,0.8413719185423362,0.8741648106904222,0.8109504132231397,785,113,183,898
baseline,OpenVINO,INT8,0.609,0.8388829215896881,0.8736017897091712,0.806818181818181,781,113,187,894
baseline,OpenVINO,INT8,0.61,0.8381877022653718,0.8769751693002247,0.8026859504132223,777,109,191,886
baseline,OpenVINO,INT8,0.611,0.8381877022653718,0.8769751693002247,0.8026859504132223,777,109,191,886
baseline,OpenVINO,INT8,0.612,0.8375607123583374,0.8768361581920894,0.8016528925619826,776,109,192,885
baseline,OpenVINO,INT8,0.613,0.8373851971907074,0.8776896942242346,0.8006198347107429,775,108,193,883
baseline,OpenVINO,INT8,0.614,0.8378378378378374,0.8786848072562348,0.8006198347107429,775,107,193,882
baseline,OpenVINO,INT8,0.615,0.837209302325581,0.8785471055618606,0.7995867768595033,774,107,194,881
baseline,OpenVINO,INT8,0.616,0.8359501894964804,0.8782707622298056,0.7975206611570239,772,107,196,879
baseline,OpenVINO,INT8,0.617,0.8355941399891477,0.879999999999999,0.7954545454545446,770,105,198,875
baseline,OpenVINO,INT8,0.618,0.8349619978284469,0.879862700228832,0.794421487603305,769,105,199,874
baseline,OpenVINO,INT8,0.619,0.8341489940184879,0.8805970149253721,0.7923553719008256,767,104,201,871
baseline,OpenVINO,INT8,0.62,0.8320610687022897,0.8810623556581976,0.788223140495867,763,103,205,866
baseline,OpenVINO,INT8,0.621,0.8312397596941558,0.8818076477404393,0.7861570247933876,761,102,207,863
baseline,OpenVINO,INT8,0.622,0.8308702791461408,0.8835855646100106,0.7840909090909083,759,100,209,859
baseline,OpenVINO,INT8,0.623,0.8294020844761378,0.8842105263157884,0.7809917355371893,756,99,212,855
baseline,OpenVINO,INT8,0.624,0.8298572996706911,0.8852459016393432,0.7809917355371893,756,98,212,854
baseline,OpenVINO,INT8,0.625,0.8301264431006043,0.8871915393654514,0.7799586776859496,755,96,213,851
baseline,OpenVINO,INT8,0.626,0.8280044101433293,0.8877068557919611,0.775826446280991,751,95,217,846
baseline,OpenVINO,INT8,0.627,0.8260629486471559,0.8873072360616834,0.7727272727272719,748,95,220,843
baseline,OpenVINO,INT8,0.628,0.8254143646408836,0.8871733966745833,0.7716942148760323,747,95,221,842
baseline,OpenVINO,INT8,0.629,0.8239202657807305,0.8878281622911683,0.7685950413223133,744,94,224,838
baseline,OpenVINO,INT8,0.63,0.8243767313019387,0.8888888888888878,0.7685950413223133,744,93,224,837
baseline,OpenVINO,INT8,0.631,0.8250971682398663,0.8919567827130841,0.7675619834710735,743,90,225,833
baseline,OpenVINO,INT8,0.632,0.820970440602342,0.892121212121211,0.7603305785123959,736,89,232,825
baseline,OpenVINO,INT8,0.633,0.8199105145413866,0.8939024390243892,0.7572314049586769,733,87,235,820
baseline,OpenVINO,INT8,0.634,0.8201680672268903,0.8959608323133403,0.7561983471074372,732,85,236,817
baseline,OpenVINO,INT8,0.635,0.8193041526374856,0.8968058968058957,0.7541322314049579,730,84,238,814
baseline,OpenVINO,INT8,0.636,0.8173130972456432,0.8964241676942035,0.7510330578512389,727,84,241,811
baseline,OpenVINO,INT8,0.637,0.8144388042865196,0.896894409937887,0.7458677685950406,722,83,246,805
baseline,OpenVINO,INT8,0.638,0.8110859728506783,0.8962499999999989,0.7407024793388421,717,83,251,800
baseline,OpenVINO,INT8,0.639,0.8110859728506783,0.8962499999999989,0.7407024793388421,717,83,251,800
baseline,OpenVINO,INT8,0.64,0.8115777525539156,0.9005037783375304,0.7386363636363629,715,79,253,794
baseline,OpenVINO,INT8,0.641,0.8100113765642771,0.9012658227848088,0.7355371900826438,712,78,256,790
baseline,OpenVINO,INT8,0.642,0.8102564102564098,0.9034307496823368,0.7345041322314042,711,76,257,787
baseline,OpenVINO,INT8,0.643,0.8093607305936069,0.9043367346938764,0.7324380165289248,709,75,259,784
baseline,OpenVINO,INT8,0.644,0.8066361556064069,0.9038461538461526,0.7283057851239662,705,75,263,780
baseline,OpenVINO,INT8,0.645,0.8043602983362015,0.9045161290322568,0.7241735537190075,701,74,267,775
baseline,OpenVINO,INT8,0.646,0.8043854587420654,0.91111111111111,0.7200413223140488,697,68,271,765
baseline,OpenVINO,INT8,0.647,0.8016194331983801,0.9106438896189212,0.7159090909090902,693,68,275,761
baseline,OpenVINO,INT8,0.648,0.7999999999999996,0.9114927344782022,0.7128099173553711,690,67,278,757
baseline,OpenVINO,INT8,0.649,0.7983730389308538,0.9123505976095604,0.7097107438016521,687,66,281,753
baseline,OpenVINO,INT8,0.65,0.7976744186046507,0.9122340425531904,0.7086776859504125,686,66,282,752
baseline,OpenVINO,INT8,0.651,0.7972027972027967,0.9144385026737956,0.7066115702479331,684,64,284,748
baseline,OpenVINO,INT8,0.652,0.7969661610268374,0.9155495978552266,0.7055785123966934,683,63,285,746
baseline,OpenVINO,INT8,0.653,0.7967289719626164,0.9166666666666654,0.7045454545454538,682,62,286,744
baseline,OpenVINO,INT8,0.654,0.796491228070175,0.9177897574123977,0.7035123966942142,681,61,287,742
baseline,OpenVINO,INT8,0.655,0.7931844888366624,0.919618528610353,0.6973140495867761,675,59,293,734
baseline,OpenVINO,INT8,0.656,0.7915194346289749,0.920547945205478,0.6942148760330571,672,58,296,730
baseline,OpenVINO,INT8,0.657,0.7891317188422914,0.9213793103448265,0.6900826446280984,668,57,300,725
baseline,OpenVINO,INT8,0.658,0.7881656804733723,0.9224376731301926,0.6880165289256192,666,56,302,722
baseline,OpenVINO,INT8,0.659,0.7874481941977497,0.9223300970873772,0.6869834710743794,665,56,303,721
baseline,OpenVINO,INT8,0.66,0.7874481941977497,0.9223300970873772,0.6869834710743794,665,56,303,721
baseline,OpenVINO,INT8,0.661,0.7855020796197263,0.9244755244755232,0.6828512396694207,661,54,307,715
baseline,OpenVINO,INT8,0.662,0.7826086956521735,0.9240506329113912,0.6787190082644621,657,54,311,711
baseline,OpenVINO,INT8,0.663,0.7801672640382313,0.9249291784702536,0.6745867768595034,653,53,315,706
baseline,OpenVINO,INT8,0.664,0.7791741472172348,0.9260312944523458,0.6725206611570241,651,52,317,703
baseline,OpenVINO,INT8,0.665,0.7769784172661867,0.9257142857142844,0.6694214876033051,648,52,320,700
baseline,OpenVINO,INT8,0.666,0.7747747747747743,0.9253945480631264,0.6663223140495861,645,52,323,697
baseline,OpenVINO,INT8,0.667,0.7703435804701624,0.924746743849492,0.660123966942148,639,52,329,691
baseline,OpenVINO,INT8,0.668,0.7685800604229603,0.9257641921397366,0.657024793388429,636,51,332,687
baseline,OpenVINO,INT8,0.669,0.7685800604229603,0.9257641921397366,0.657024793388429,636,51,332,687
baseline,OpenVINO,INT8,0.67,0.7684848484848481,0.9296187683284444,0.6549586776859497,634,48,334,682
baseline,OpenVINO,INT8,0.671,0.7664233576642332,0.931952662721892,0.6508264462809911,630,46,338,676
baseline,OpenVINO,INT8,0.672,0.7649208282582213,0.9317507418397613,0.6487603305785117,628,46,340,674
baseline,OpenVINO,INT8,0.673,0.7631257631257627,0.932835820895521,0.6456611570247927,625,45,343,670
baseline,OpenVINO,INT8,0.674,0.7600979192166458,0.932432432432431,0.641528925619834,621,45,347,666
baseline,OpenVINO,INT8,0.675,0.7582822085889567,0.9335347432024156,0.6384297520661151,618,44,350,662
baseline,OpenVINO,INT8,0.676,0.7587476979742169,0.9349470499243556,0.6384297520661151,618,43,350,661
baseline,OpenVINO,INT8,0.677,0.7572218807621385,0.9347496206373278,0.6363636363636357,616,43,352,659
baseline,OpenVINO,INT8,0.678,0.7561576354679799,0.935975609756096,0.6342975206611563,614,42,354,656
baseline,OpenVINO,INT8,0.679,0.7546239210850797,0.93577981651376,0.632231404958677,612,42,356,654
baseline,OpenVINO,INT8,0.68,0.7523162445954289,0.9354838709677404,0.629132231404958,609,42,359,651
baseline,OpenVINO,INT8,0.681,0.7499999999999996,0.9351851851851836,0.626033057851239,606,42,362,648
baseline,OpenVINO,INT8,0.682,0.74922600619195,0.9350850077279738,0.6249999999999993,605,42,363,647
baseline,OpenVINO,INT8,0.683,0.747361887026691,0.9362363919129068,0.6219008264462803,602,41,366,643
baseline,OpenVINO,INT8,0.684,0.7454884878655876,0.9374021909233162,0.6188016528925613,599,40,369,639
baseline,OpenVINO,INT8,0.685,0.744069912609238,0.9400630914826484,0.6157024793388424,596,38,372,634
baseline,OpenVINO,INT8,0.686,0.7442151344590364,0.9429477020602204,0.6146694214876026,595,36,373,631
baseline,OpenVINO,INT8,0.687,0.7412060301507534,0.9455128205128188,0.6095041322314043,590,34,378,624
baseline,OpenVINO,INT8,0.688,0.7385003150598609,0.9466882067851358,0.6053719008264457,586,33,382,619
baseline,OpenVINO,INT8,0.689,0.7373737373737369,0.9480519480519464,0.6033057851239663,584,32,384,616
baseline,OpenVINO,INT8,0.69,0.7338403041825091,0.9491803278688508,0.598140495867768,579,31,389,610
baseline,OpenVINO,INT8,0.691,0.731428571428571,0.9489291598023047,0.5950413223140489,576,31,392,607
baseline,OpenVINO,INT8,0.692,0.7281985996180772,0.9485903814262008,0.5909090909090903,572,31,396,603
baseline,OpenVINO,INT8,0.693,0.7249521378430117,0.9482470784641052,0.5867768595041316,568,31,400,599
baseline,OpenVINO,INT8,0.694,0.7225063938618922,0.9479865771812064,0.5836776859504126,565,31,403,596
baseline,OpenVINO,INT8,0.695,0.7200512491992308,0.9477234401349056,0.5805785123966936,562,31,406,593
baseline,OpenVINO,INT8,0.696,0.7188703465982024,0.9491525423728796,0.5785123966942143,560,30,408,590
baseline,OpenVINO,INT8,0.697,0.7163987138263661,0.9488926746166934,0.5754132231404953,557,30,411,587
baseline,OpenVINO,INT8,0.698,0.7139175257731954,0.9486301369862996,0.5723140495867762,554,30,414,584
baseline,OpenVINO,INT8,0.699,0.7105943152454777,0.948275862068964,0.5681818181818176,550,30,418,580
baseline,OpenVINO,INT8,0.7,0.7085492227979271,0.949652777777776,0.5650826446280985,547,29,421,576
baseline,OpenVINO,INT8,0.701,0.7073329007138218,0.9511343804537504,0.5630165289256193,545,28,423,573
baseline,OpenVINO,INT8,0.702,0.7082521117608833,0.9544658493870386,0.5630165289256193,545,26,423,571
baseline,OpenVINO,INT8,0.703,0.7057291666666663,0.9542253521126745,0.5599173553719002,542,26,426,568
baseline,OpenVINO,INT8,0.704,0.7040417209908731,0.9540636042402808,0.5578512396694209,540,26,428,566
baseline,OpenVINO,INT8,0.705,0.6989528795811514,0.9535714285714268,0.5516528925619829,534,26,434,560
baseline,OpenVINO,INT8,0.706,0.698558322411533,0.9551971326164858,0.5506198347107433,533,25,435,558
baseline,OpenVINO,INT8,0.707,0.6981627296587922,0.956834532374099,0.5495867768595035,532,24,436,556
baseline,OpenVINO,INT8,0.708,0.6969696969696966,0.96181818181818,0.5464876033057845,529,21,439,550
baseline,OpenVINO,INT8,0.709,0.6953073364177127,0.9651376146788972,0.5433884297520656,526,19,442,545
baseline,OpenVINO,INT8,0.71,0.6935804103242882,0.965009208103129,0.5413223140495862,524,19,444,543
baseline,OpenVINO,INT8,0.711,0.6909814323607423,0.964814814814813,0.5382231404958672,521,19,447,540
baseline,OpenVINO,INT8,0.712,0.6848767488341102,0.9643527204502796,0.5309917355371895,514,19,454,533
baseline,OpenVINO,INT8,0.713,0.676943699731903,0.9637404580152652,0.5216942148760325,505,19,463,524
baseline,OpenVINO,INT8,0.714,0.675167785234899,0.963601532567048,0.5196280991735531,503,19,465,522
baseline,OpenVINO,INT8,0.715,0.6733870967741932,0.9634615384615366,0.5175619834710738,501,19,467,520
baseline,OpenVINO,INT8,0.716,0.6675675675675672,0.964843749999998,0.5103305785123962,494,18,474,512
baseline,OpenVINO,INT8,0.717,0.6639566395663953,0.9645669291338564,0.5061983471074375,490,18,478,508
baseline,OpenVINO,INT8,0.718,0.6621346023113525,0.9681908548707734,0.5030991735537185,487,16,481,503
baseline,OpenVINO,INT8,0.719,0.6529774127310057,0.9675456389452312,0.4927685950413218,477,16,491,493
baseline,OpenVINO,INT8,0.72,0.6483516483516479,0.9672131147540964,0.4876033057851234,472,16,496,488
baseline,OpenVINO,INT8,0.721,0.6464924346629982,0.9670781893004096,0.4855371900826441,470,16,498,486
baseline,OpenVINO,INT8,0.722,0.6450723638869741,0.96894409937888,0.4834710743801648,468,15,500,483
baseline,OpenVINO,INT8,0.723,0.6422651933701653,0.968749999999998,0.4803719008264457,465,15,503,480
baseline,OpenVINO,INT8,0.724,0.6370575988896595,0.9704016913319218,0.4741735537190077,459,14,509,473
baseline,OpenVINO,INT8,0.725,0.6313588850174212,0.9700214132762291,0.4679752066115697,453,14,515,467
baseline,OpenVINO,INT8,0.726,0.625612316305108,0.969631236442514,0.4617768595041317,447,14,521,461
baseline,OpenVINO,INT8,0.727,0.6217543859649118,0.9693654266958402,0.457644628099173,443,14,525,457
baseline,OpenVINO,INT8,0.728,0.619282195636875,0.9713024282560684,0.4545454545454541,440,13,528,453
baseline,OpenVINO,INT8,0.729,0.6163610719322986,0.9711111111111088,0.451446280991735,437,13,531,450
baseline,OpenVINO,INT8,0.73,0.6142958244869069,0.9752808988764022,0.448347107438016,434,11,534,445
baseline,OpenVINO,INT8,0.731,0.6117814052519513,0.9773242630385464,0.445247933884297,431,10,537,441
baseline,OpenVINO,INT8,0.732,0.6068376068376065,0.977064220183484,0.4400826446280987,426,10,542,436
baseline,OpenVINO,INT8,0.733,0.605281941470378,0.9792147806004596,0.4380165289256194,424,9,544,433
baseline,OpenVINO,INT8,0.734,0.5982783357245334,0.9788732394366174,0.4307851239669417,417,9,551,426
baseline,OpenVINO,INT8,0.735,0.5922190201729103,0.9785714285714262,0.4245867768595037,411,9,557,420
baseline,OpenVINO,INT8,0.736,0.5891696750902523,0.978417266187048,0.4214876033057846,408,9,560,417
baseline,OpenVINO,INT8,0.737,0.5830311820159532,0.9781021897810196,0.4152892561983466,402,9,566,411
baseline,OpenVINO,INT8,0.738,0.5778748180494901,0.9778325123152684,0.4101239669421483,397,9,571,406
baseline,OpenVINO,INT8,0.739,0.573099415204678,0.9799999999999977,0.40495867768595,392,8,576,400
baseline,OpenVINO,INT8,0.74,0.5714285714285711,0.9823677581863954,0.4028925619834707,390,7,578,397
baseline,OpenVINO,INT8,0.741,0.5703812316715539,0.9823232323232298,0.401859504132231,389,7,579,396
baseline,OpenVINO,INT8,0.742,0.567229977957384,0.982188295165392,0.3987603305785119,386,7,582,393
baseline,OpenVINO,INT8,0.743,0.5630066322770815,0.9820051413881722,0.3946280991735533,382,7,586,389
baseline,OpenVINO,INT8,0.744,0.5566247224278309,0.9817232375979086,0.3884297520661153,376,7,592,383
baseline,OpenVINO,INT8,0.745,0.5491071428571425,0.9813829787234016,0.3811983471074376,369,7,599,376
baseline,OpenVINO,INT8,0.746,0.5426008968609862,0.9810810810810784,0.3749999999999996,363,7,605,370
baseline,OpenVINO,INT8,0.747,0.5360360360360357,0.980769230769228,0.3688016528925616,357,7,611,364
baseline,OpenVINO,INT8,0.748,0.5327313769751689,0.9806094182825456,0.3657024793388426,354,7,614,361
baseline,OpenVINO,INT8,0.749,0.5309200603318247,0.9832402234636844,0.3636363636363632,352,6,616,358
baseline,OpenVINO,INT8,0.75,0.5309200603318247,0.9832402234636844,0.3636363636363632,352,6,616,358
baseline,OpenVINO,INT8,0.751,0.5246398786959814,0.9857549857549828,0.3574380165289252,346,5,622,351
baseline,OpenVINO,INT8,0.752,0.5190258751902584,0.985549132947974,0.3522727272727269,341,5,627,346
baseline,OpenVINO,INT8,0.753,0.5133689839572189,0.9853372434017564,0.3471074380165285,336,5,632,341
baseline,OpenVINO,INT8,0.754,0.5065234075211048,0.9850746268656686,0.3409090909090905,330,5,638,335
baseline,OpenVINO,INT8,0.755,0.5030769230769228,0.9849397590361416,0.3378099173553715,327,5,641,332
baseline,OpenVINO,INT8,0.756,0.5030769230769228,0.9849397590361416,0.3378099173553715,327,5,641,332
baseline,OpenVINO,INT8,0.757,0.5023112480739595,0.9878787878787848,0.3367768595041319,326,4,642,330
baseline,OpenVINO,INT8,0.758,0.501156515034695,0.9878419452887508,0.3357438016528922,325,4,643,329
baseline,OpenVINO,INT8,0.759,0.4988416988416985,0.9877675840978564,0.3336776859504128,323,4,645,327
baseline,OpenVINO,INT8,0.76,0.4918541505042665,0.9875389408099656,0.3274793388429748,317,4,651,321
baseline,OpenVINO,INT8,0.761,0.4859813084112146,0.9873417721518956,0.3223140495867765,312,4,656,316
baseline,OpenVINO,INT8,0.762,0.4812499999999997,0.987179487179484,0.3181818181818178,308,4,660,312
baseline,OpenVINO,INT8,0.763,0.4752941176470585,0.9869706840390846,0.3130165289256195,303,4,665,307
baseline,OpenVINO,INT8,0.764,0.4704956726986621,0.9867986798679834,0.3088842975206608,299,4,669,303
baseline,OpenVINO,INT8,0.765,0.4680851063829784,0.9867109634551462,0.3068181818181815,297,4,671,301
baseline,OpenVINO,INT8,0.766,0.4656669297553272,0.986622073578592,0.3047520661157021,295,4,673,299
baseline,OpenVINO,INT8,0.767,0.4583663758921487,0.9863481228668908,0.2985537190082641,289,4,679,293
baseline,OpenVINO,INT8,0.768,0.4559173947577439,0.9862542955326424,0.2964876033057848,287,4,681,291
baseline,OpenVINO,INT8,0.769,0.452229299363057,0.9861111111111076,0.2933884297520658,284,4,684,288
baseline,OpenVINO,INT8,0.77,0.4460431654676255,0.985865724381622,0.2882231404958674,279,4,689,283
baseline,OpenVINO,INT8,0.771,0.4410585404971929,0.9856630824372724,0.2840909090909088,275,4,693,279
baseline,OpenVINO,INT8,0.772,0.4347826086956518,0.985401459854011,0.2789256198347104,270,4,698,274
baseline,OpenVINO,INT8,0.773,0.4284559417946642,0.98513011152416,0.2737603305785121,265,4,703,269
baseline,OpenVINO,INT8,0.774,0.4233576642335763,0.9849056603773548,0.2696280991735534,261,4,707,265
baseline,OpenVINO,INT8,0.775,0.4169381107491853,0.9846153846153808,0.2644628099173551,256,4,712,260
baseline,OpenVINO,INT8,0.776,0.4133986928104572,0.988281249999996,0.2613636363636361,253,3,715,256
baseline,OpenVINO,INT8,0.777,0.4081967213114751,0.988095238095234,0.2572314049586774,249,3,719,252
baseline,OpenVINO,INT8,0.778,0.4016460905349791,0.9878542510121416,0.252066115702479,244,3,724,247
baseline,OpenVINO,INT8,0.779,0.3963666391412053,0.9876543209876504,0.2479338842975204,240,3,728,243
baseline,OpenVINO,INT8,0.78,0.3950413223140493,0.98760330578512,0.2469008264462807,239,3,729,242
baseline,OpenVINO,INT8,0.781,0.3900414937759333,0.991561181434595,0.242768595041322,235,2,733,237
baseline,OpenVINO,INT8,0.782,0.3792815371762737,0.9912663755458472,0.2345041322314047,227,2,741,229
baseline,OpenVINO,INT8,0.783,0.3779264214046819,0.9912280701754342,0.233471074380165,226,2,742,228
baseline,OpenVINO,INT8,0.784,0.3738474434199494,0.9911111111111068,0.230371900826446,223,2,745,225
baseline,OpenVINO,INT8,0.785,0.3683767872161477,0.9909502262443396,0.2262396694214873,219,2,749,221
baseline,OpenVINO,INT8,0.786,0.3642495784148395,0.99082568807339,0.2231404958677683,216,2,752,218
baseline,OpenVINO,INT8,0.787,0.3576271186440675,0.9952830188679198,0.21797520661157,211,1,757,212
baseline,OpenVINO,INT8,0.788,0.3520408163265303,0.9951923076923028,0.2138429752066113,207,1,761,208
baseline,OpenVINO,INT8,0.789,0.3450042698548247,0.9950738916256108,0.208677685950413,202,1,766,203
baseline,OpenVINO,INT8,0.79,0.3421727972626173,0.9950248756218856,0.2066115702479336,200,1,768,201
baseline,OpenVINO,INT8,0.791,0.3393316195372748,0.9949748743718544,0.2045454545454543,198,1,770,199
baseline,OpenVINO,INT8,0.792,0.3307493540051677,0.9948186528497358,0.1983471074380163,192,1,776,193
baseline,OpenVINO,INT8,0.793,0.3220779220779218,0.9946524064171072,0.1921487603305783,186,1,782,187
baseline,OpenVINO,INT8,0.794,0.3074235807860259,0.99435028248587,0.1818181818181816,176,1,792,177
baseline,OpenVINO,INT8,0.795,0.2999999999999997,0.994186046511622,0.1766528925619832,171,1,797,172
baseline,OpenVINO,INT8,0.796,0.2894969108561339,0.993939393939388,0.1694214876033056,164,1,804,165
baseline,OpenVINO,INT8,0.797,0.281914893617021,0.9937499999999938,0.1642561983471072,159,1,809,160
baseline,OpenVINO,INT8,0.798,0.275800711743772,0.9935897435897372,0.1601239669421486,155,1,813,156
baseline,OpenVINO,INT8,0.799,0.2727272727272725,0.9935064935064872,0.1580578512396692,153,1,815,154
baseline,OpenVINO,INT8,0.8,0.2727272727272725,0.9935064935064872,0.1580578512396692,153,1,815,154
pruned_recovered,ONNX_Runtime,INT8,0.3,0.6528126119670367,0.4997257268239163,0.9411157024793378,911,912,57,1823
pruned_recovered,ONNX_Runtime,INT8,0.301,0.6537356321839078,0.5011013215859028,0.9400826446280982,910,906,58,1816
pruned_recovered,ONNX_Runtime,INT8,0.302,0.6553713049747655,0.5033222591362124,0.9390495867768583,909,897,59,1806
pruned_recovered,ONNX_Runtime,INT8,0.303,0.6574945691527876,0.5061315496098102,0.9380165289256188,908,886,60,1794
pruned_recovered,ONNX_Runtime,INT8,0.304,0.6594045025417572,0.5083986562150054,0.9380165289256188,908,878,60,1786
pruned_recovered,ONNX_Runtime,INT8,0.305,0.6606038559476171,0.5098259404828746,0.9380165289256188,908,873,60,1781
pruned_recovered,ONNX_Runtime,INT8,0.306,0.662773722627737,0.5124153498871329,0.9380165289256188,908,864,60,1772
pruned_recovered,ONNX_Runtime,INT8,0.307,0.6647144948755488,0.5147392290249431,0.9380165289256188,908,856,60,1764
pruned_recovered,ONNX_Runtime,INT8,0.308,0.6666666666666664,0.5170842824601364,0.9380165289256188,908,848,60,1756
pruned_recovered,ONNX_Runtime,INT8,0.309,0.6691230655858509,0.5200458190148909,0.9380165289256188,908,838,60,1746
pruned_recovered,ONNX_Runtime,INT8,0.31,0.6696197858988554,0.5209649626651347,0.9369834710743792,907,834,61,1741
pruned_recovered,ONNX_Runtime,INT8,0.311,0.6711061783203845,0.522766570605187,0.9369834710743792,907,828,61,1735
pruned_recovered,ONNX_Runtime,INT8,0.312,0.6725991842788281,0.524580682475419,0.9369834710743792,907,822,61,1729
pruned_recovered,ONNX_Runtime,INT8,0.313,0.6748511904761902,0.5273255813953486,0.9369834710743792,907,813,61,1720
pruned_recovered,ONNX_Runtime,INT8,0.314,0.675102344622255,0.5276323443862708,0.9369834710743792,907,812,61,1719
pruned_recovered,ONNX_Runtime,INT8,0.315,0.6768656716417908,0.5297897196261679,0.9369834710743792,907,805,61,1712
pruned_recovered,ONNX_Runtime,INT8,0.316,0.677877428998505,0.531030444964871,0.9369834710743792,907,801,61,1708
pruned_recovered,ONNX_Runtime,INT8,0.317,0.6783976038936725,0.5320023487962416,0.9359504132231397,906,797,62,1703
pruned_recovered,ONNX_Runtime,INT8,0.318,0.6794150731158602,0.5332548557975276,0.9359504132231397,906,793,62,1699
pruned_recovered,ONNX_Runtime,INT8,0.319,0.6809470124013527,0.5351447135262845,0.9359504132231397,906,787,62,1693
pruned_recovered,ONNX_Runtime,INT8,0.32,0.6824858757062144,0.5370480142264372,0.9359504132231397,906,781,62,1687
pruned_recovered,ONNX_Runtime,INT8,0.321,0.683257918552036,0.5380047505938239,0.9359504132231397,906,778,62,1684
pruned_recovered,ONNX_Runtime,INT8,0.322,0.6855845629965945,0.5408955223880594,0.9359504132231397,906,769,62,1675
pruned_recovered,ONNX_Runtime,INT8,0.323,0.6874051593323215,0.543165467625899,0.9359504132231397,906,762,62,1668
pruned_recovered,ONNX_Runtime,INT8,0.324,0.6892354507417267,0.5454545454545452,0.9359504132231397,906,755,62,1661
pruned_recovered,ONNX_Runtime,INT8,0.325,0.689813048454788,0.5468844525105865,0.9338842975206602,904,749,64,1653
pruned_recovered,ONNX_Runtime,INT8,0.326,0.6919249904324529,0.549544072948328,0.9338842975206602,904,741,64,1645
pruned_recovered,ONNX_Runtime,INT8,0.327,0.6917177914110427,0.5499999999999997,0.9318181818181808,902,738,66,1640
pruned_recovered,ONNX_Runtime,INT8,0.328,0.6938461538461536,0.5526960784313723,0.9318181818181808,902,730,66,1632
pruned_recovered,ONNX_Runtime,INT8,0.329,0.695719244118781,0.5550769230769228,0.9318181818181808,902,723,66,1625
pruned_recovered,ONNX_Runtime,INT8,0.33,0.6976024748646555,0.5574783683559947,0.9318181818181808,902,716,66,1618
pruned_recovered,ONNX_Runtime,INT8,0.331,0.7005825242718444,0.5612943372744241,0.9318181818181808,902,705,66,1607
pruned_recovered,ONNX_Runtime,INT8,0.332,0.702492211838006,0.5637499999999996,0.9318181818181808,902,698,66,1600
pruned_recovered,ONNX_Runtime,INT8,0.333,0.7044123389301051,0.5662272441933456,0.9318181818181808,902,691,66,1593
pruned_recovered,ONNX_Runtime,INT8,0.334,0.7047321079389908,0.5670232850849588,0.9307851239669412,901,688,67,1589
pruned_recovered,ONNX_Runtime,INT8,0.335,0.7058362710536621,0.5684542586750785,0.9307851239669412,901,684,67,1585
pruned_recovered,ONNX_Runtime,INT8,0.336,0.7072213500784927,0.5702531645569617,0.9307851239669412,901,679,67,1580
pruned_recovered,ONNX_Runtime,INT8,0.337,0.7086118757373179,0.5720634920634917,0.9307851239669412,901,674,67,1575
pruned_recovered,ONNX_Runtime,INT8,0.338,0.7100078802206459,0.573885350318471,0.9307851239669412,901,669,67,1570
pruned_recovered,ONNX_Runtime,INT8,0.339,0.7111286503551695,0.5753512132822475,0.9307851239669412,901,665,67,1566
pruned_recovered,ONNX_Runtime,INT8,0.34,0.7116903633491308,0.5760869565217388,0.9307851239669412,901,663,67,1564
pruned_recovered,ONNX_Runtime,INT8,0.341,0.7131537242472263,0.5784061696658094,0.9297520661157016,900,656,68,1556
pruned_recovered,ONNX_Runtime,INT8,0.342,0.7140587768069894,0.5799999999999996,0.928719008264462,899,651,69,1550
pruned_recovered,ONNX_Runtime,INT8,0.343,0.7166201673973692,0.5833874107722254,0.928719008264462,899,642,69,1541
pruned_recovered,ONNX_Runtime,INT8,0.344,0.717764471057884,0.5849056603773581,0.928719008264462,899,638,69,1537
pruned_recovered,ONNX_Runtime,INT8,0.345,0.7203525641025639,0.5883507853403138,0.928719008264462,899,629,69,1528
pruned_recovered,ONNX_Runtime,INT8,0.346,0.7212194143602083,0.5895081967213112,0.928719008264462,899,626,69,1525
pruned_recovered,ONNX_Runtime,INT8,0.347,0.7235412474849092,0.5926170072511532,0.928719008264462,899,618,69,1517
pruned_recovered,ONNX_Runtime,INT8,0.348,0.7255851493139626,0.5953642384105957,0.928719008264462,899,611,69,1510
pruned_recovered,ONNX_Runtime,INT8,0.349,0.7264646464646461,0.596549435965494,0.928719008264462,899,608,69,1507
pruned_recovered,ONNX_Runtime,INT8,0.35,0.7276406313233506,0.5981370592149031,0.928719008264462,899,604,69,1503
pruned_recovered,ONNX_Runtime,INT8,0.351,0.7285251215559154,0.5993333333333329,0.928719008264462,899,601,69,1500
pruned_recovered,ONNX_Runtime,INT8,0.352,0.7277890466531437,0.5991983967935868,0.9266528925619824,897,600,71,1497
pruned_recovered,ONNX_Runtime,INT8,0.353,0.7292682926829266,0.6012064343163536,0.9266528925619824,897,595,71,1492
pruned_recovered,ONNX_Runtime,INT8,0.354,0.731051344743276,0.6036339165545084,0.9266528925619824,897,589,71,1486
pruned_recovered,ONNX_Runtime,INT8,0.355,0.7325438954675375,0.6056718433490881,0.9266528925619824,897,584,71,1481
pruned_recovered,ONNX_Runtime,INT8,0.356,0.7328431372549017,0.6060810810810807,0.9266528925619824,897,583,71,1480
pruned_recovered,ONNX_Runtime,INT8,0.357,0.7329243353783228,0.606635071090047,0.9256198347107428,896,581,72,1477
pruned_recovered,ONNX_Runtime,INT8,0.358,0.7347273472734724,0.6091094493541804,0.9256198347107428,896,575,72,1471
pruned_recovered,ONNX_Runtime,INT8,0.359,0.7357172215371967,0.6109215017064843,0.9245867768595032,895,570,73,1465
pruned_recovered,ONNX_Runtime,INT8,0.36,0.7361053931659116,0.6119096509240243,0.9235537190082634,894,567,74,1461
pruned_recovered,ONNX_Runtime,INT8,0.361,0.7379281881964505,0.6144329896907212,0.9235537190082634,894,561,74,1455
pruned_recovered,ONNX_Runtime,INT8,0.362,0.7394540942928037,0.6165517241379307,0.9235537190082634,894,556,74,1450
pruned_recovered,ONNX_Runtime,INT8,0.363,0.7395445134575567,0.6171389080856942,0.9225206611570238,893,554,75,1447
pruned_recovered,ONNX_Runtime,INT8,0.364,0.739635157545605,0.6177285318559553,0.9214876033057842,892,552,76,1444
pruned_recovered,ONNX_Runtime,INT8,0.365,0.7401247401247398,0.6193458594293664,0.9194214876033048,890,547,78,1437
pruned_recovered,ONNX_Runtime,INT8,0.366,0.7407407407407405,0.620209059233449,0.9194214876033048,890,545,78,1435
pruned_recovered,ONNX_Runtime,INT8,0.367,0.7416666666666664,0.6215083798882678,0.9194214876033048,890,542,78,1432
pruned_recovered,ONNX_Runtime,INT8,0.368,0.7432150313152398,0.6236860546601257,0.9194214876033048,890,537,78,1427
pruned_recovered,ONNX_Runtime,INT8,0.369,0.744458385612714,0.6254392129304283,0.9194214876033048,890,533,78,1423
pruned_recovered,ONNX_Runtime,INT8,0.37,0.7453936348408707,0.6267605633802813,0.9194214876033048,890,530,78,1420
pruned_recovered,ONNX_Runtime,INT8,0.371,0.7460184409052805,0.6276445698166427,0.9194214876033048,890,528,78,1418
pruned_recovered,ONNX_Runtime,INT8,0.372,0.7469576164498528,0.6289752650176674,0.9194214876033048,890,525,78,1415
pruned_recovered,ONNX_Runtime,INT8,0.373,0.7472712006717042,0.6294200848656291,0.9194214876033048,890,524,78,1414
pruned_recovered,ONNX_Runtime,INT8,0.374,0.7485281749369215,0.6312056737588648,0.9194214876033048,890,520,78,1410
pruned_recovered,ONNX_Runtime,INT8,0.375,0.7494736842105261,0.6325515280739157,0.9194214876033048,890,517,78,1407
pruned_recovered,ONNX_Runtime,INT8,0.376,0.7510548523206748,0.6348074179743219,0.9194214876033048,890,512,78,1402
pruned_recovered,ONNX_Runtime,INT8,0.377,0.7523245984784444,0.6366237482117306,0.9194214876033048,890,508,78,1398
pruned_recovered,ONNX_Runtime,INT8,0.378,0.7532797291578499,0.6379928315412182,0.9194214876033048,890,505,78,1395
pruned_recovered,ONNX_Runtime,INT8,0.379,0.7537091988130561,0.6391085549964051,0.9183884297520652,889,502,79,1391
pruned_recovered,ONNX_Runtime,INT8,0.38,0.7556311092222692,0.6418772563176891,0.9183884297520652,889,496,79,1385
pruned_recovered,ONNX_Runtime,INT8,0.381,0.7557446808510635,0.6425470332850937,0.9173553719008256,888,494,80,1382
pruned_recovered,ONNX_Runtime,INT8,0.382,0.7563884156729128,0.6434782608695648,0.9173553719008256,888,492,80,1380
pruned_recovered,ONNX_Runtime,INT8,0.383,0.7573560767590616,0.6448801742919386,0.9173553719008256,888,489,80,1377
pruned_recovered,ONNX_Runtime,INT8,0.384,0.7583262169086248,0.6462882096069865,0.9173553719008256,888,486,80,1374
pruned_recovered,ONNX_Runtime,INT8,0.385,0.7589743589743587,0.647230320699708,0.9173553719008256,888,484,80,1372
pruned_recovered,ONNX_Runtime,INT8,0.386,0.760925449871465,0.6500732064421665,0.9173553719008256,888,478,80,1366
pruned_recovered,ONNX_Runtime,INT8,0.387,0.760925449871465,0.6500732064421665,0.9173553719008256,888,478,80,1366
pruned_recovered,ONNX_Runtime,INT8,0.388,0.7612516073724814,0.6505494505494501,0.9173553719008256,888,477,80,1365
pruned_recovered,ONNX_Runtime,INT8,0.389,0.762231759656652,0.6519823788546251,0.9173553719008256,888,474,80,1362
pruned_recovered,ONNX_Runtime,INT8,0.39,0.7648578811369506,0.6558345642540616,0.9173553719008256,888,466,80,1354
pruned_recovered,ONNX_Runtime,INT8,0.391,0.7665084160552436,0.6582653817642694,0.9173553719008256,888,461,80,1349
pruned_recovered,ONNX_Runtime,INT8,0.392,0.7673010380622834,0.6599702380952377,0.916322314049586,887,457,81,1344
pruned_recovered,ONNX_Runtime,INT8,0.393,0.7682979644867906,0.6614466815809094,0.916322314049586,887,454,81,1341
pruned_recovered,ONNX_Runtime,INT8,0.394,0.767230169050715,0.6609410007468255,0.9142561983471064,885,454,83,1339
pruned_recovered,ONNX_Runtime,INT8,0.395,0.769565217391304,0.664414414414414,0.9142561983471064,885,447,83,1332
pruned_recovered,ONNX_Runtime,INT8,0.396,0.7700348432055746,0.6656626506024091,0.9132231404958668,884,444,84,1328
pruned_recovered,ONNX_Runtime,INT8,0.397,0.7689625108979945,0.6651583710407235,0.9111570247933874,882,444,86,1326
pruned_recovered,ONNX_Runtime,INT8,0.398,0.769969445656918,0.6666666666666662,0.9111570247933874,882,441,86,1323
pruned_recovered,ONNX_Runtime,INT8,0.399,0.77199124726477,0.6697038724373572,0.9111570247933874,882,435,86,1317
pruned_recovered,ONNX_Runtime,INT8,0.4,0.7733450241122312,0.6717440974866713,0.9111570247933874,882,431,86,1313
pruned_recovered,ONNX_Runtime,INT8,0.401,0.7747035573122526,0.6737967914438499,0.9111570247933874,882,427,86,1309
pruned_recovered,ONNX_Runtime,INT8,0.402,0.7757255936675459,0.6753445635528326,0.9111570247933874,882,424,86,1306
pruned_recovered,ONNX_Runtime,INT8,0.403,0.7760668719753626,0.6758620689655168,0.9111570247933874,882,423,86,1305
pruned_recovered,ONNX_Runtime,INT8,0.404,0.7760668719753626,0.6758620689655168,0.9111570247933874,882,423,86,1305
pruned_recovered,ONNX_Runtime,INT8,0.405,0.776408450704225,0.676380368098159,0.9111570247933874,882,422,86,1304
pruned_recovered,ONNX_Runtime,INT8,0.406,0.7777777777777775,0.678461538461538,0.9111570247933874,882,418,86,1300
pruned_recovered,ONNX_Runtime,INT8,0.407,0.7788079470198672,0.6800308404009248,0.9111570247933874,882,415,86,1297
pruned_recovered,ONNX_Runtime,INT8,0.408,0.7794962439239944,0.6810810810810806,0.9111570247933874,882,413,86,1295
pruned_recovered,ONNX_Runtime,INT8,0.409,0.780876494023904,0.6831913245546084,0.9111570247933874,882,409,86,1291
pruned_recovered,ONNX_Runtime,INT8,0.41,0.7806823216659279,0.6834755624515123,0.9101239669421478,881,408,87,1289
pruned_recovered,ONNX_Runtime,INT8,0.411,0.7810283687943259,0.6840062111801237,0.9101239669421478,881,407,87,1288
pruned_recovered,ONNX_Runtime,INT8,0.412,0.7813747228381371,0.684537684537684,0.9101239669421478,881,406,87,1287
pruned_recovered,ONNX_Runtime,INT8,0.413,0.7822222222222219,0.6864274570982835,0.9090909090909082,880,402,88,1282
pruned_recovered,ONNX_Runtime,INT8,0.414,0.7829181494661919,0.6874999999999996,0.9090909090909082,880,400,88,1280
pruned_recovered,ONNX_Runtime,INT8,0.415,0.7839643652561245,0.6891151135473762,0.9090909090909082,880,397,88,1277
pruned_recovered,ONNX_Runtime,INT8,0.416,0.7857142857142854,0.6918238993710687,0.9090909090909082,880,392,88,1272
pruned_recovered,ONNX_Runtime,INT8,0.417,0.786416443252904,0.6929133858267712,0.9090909090909082,880,390,88,1270
pruned_recovered,ONNX_Runtime,INT8,0.418,0.7865771812080534,0.6937647987371739,0.9080578512396684,879,388,89,1267
pruned_recovered,ONNX_Runtime,INT8,0.419,0.7872816838334077,0.6948616600790509,0.9080578512396684,879,386,89,1265
pruned_recovered,ONNX_Runtime,INT8,0.42,0.7876344086021502,0.6954113924050628,0.9080578512396684,879,385,89,1264
pruned_recovered,ONNX_Runtime,INT8,0.421,0.7888589398023357,0.6979332273449915,0.9070247933884288,878,380,90,1258
pruned_recovered,ONNX_Runtime,INT8,0.422,0.7893789378937891,0.6993620414673041,0.9059917355371891,877,377,91,1254
pruned_recovered,ONNX_Runtime,INT8,0.423,0.7897343538946417,0.6999201915403027,0.9059917355371891,877,376,91,1253
pruned_recovered,ONNX_Runtime,INT8,0.424,0.7900900900900898,0.7004792332268366,0.9059917355371891,877,375,91,1252
pruned_recovered,ONNX_Runtime,INT8,0.425,0.7908025247971142,0.7015999999999994,0.9059917355371891,877,373,91,1250
pruned_recovered,ONNX_Runtime,INT8,0.426,0.7918735891647852,0.7032878909382513,0.9059917355371891,877,370,91,1247
pruned_recovered,ONNX_Runtime,INT8,0.427,0.7931190583974645,0.705882352941176,0.9049586776859496,876,365,92,1241
pruned_recovered,ONNX_Runtime,INT8,0.428,0.7923844061650042,0.7059773828756053,0.90289256198347,874,364,94,1238
pruned_recovered,ONNX_Runtime,INT8,0.429,0.792555605991829,0.7068825910931169,0.9018595041322304,873,362,95,1235
pruned_recovered,ONNX_Runtime,INT8,0.43,0.7923671058609719,0.7072181670721811,0.9008264462809908,872,361,96,1233
pruned_recovered,ONNX_Runtime,INT8,0.431,0.7941712204007283,0.7100977198697063,0.9008264462809908,872,356,96,1228
pruned_recovered,ONNX_Runtime,INT8,0.432,0.7952576379388961,0.711836734693877,0.9008264462809908,872,353,96,1225
pruned_recovered,ONNX_Runtime,INT8,0.433,0.79470802919708,0.711601307189542,0.8997933884297511,871,353,97,1224
pruned_recovered,ONNX_Runtime,INT8,0.434,0.7950707439525327,0.7121831561733437,0.8997933884297511,871,352,97,1223
pruned_recovered,ONNX_Runtime,INT8,0.435,0.7948835084513474,0.712530712530712,0.8987603305785115,870,351,98,1221
pruned_recovered,ONNX_Runtime,INT8,0.436,0.7959743824336685,0.7142857142857137,0.8987603305785115,870,348,98,1218
pruned_recovered,ONNX_Runtime,INT8,0.437,0.7959743824336685,0.7142857142857137,0.8987603305785115,870,348,98,1218
pruned_recovered,ONNX_Runtime,INT8,0.438,0.7968821641448873,0.7164056059356961,0.8977272727272718,869,344,99,1213
pruned_recovered,ONNX_Runtime,INT8,0.439,0.797247706422018,0.7169966996699665,0.8977272727272718,869,343,99,1212
pruned_recovered,ONNX_Runtime,INT8,0.44,0.7983463481855761,0.7187758478081053,0.8977272727272718,869,340,99,1209
pruned_recovered,ONNX_Runtime,INT8,0.441,0.7990804597701147,0.7199668599834295,0.8977272727272718,869,338,99,1207
pruned_recovered,ONNX_Runtime,INT8,0.442,0.7994480220791165,0.7205638474295185,0.8977272727272718,869,337,99,1206
pruned_recovered,ONNX_Runtime,INT8,0.443,0.7998159226875284,0.7211618257261405,0.8977272727272718,869,336,99,1205
pruned_recovered,ONNX_Runtime,INT8,0.444,0.8005527406725008,0.7223607647547792,0.8977272727272718,869,334,99,1203
pruned_recovered,ONNX_Runtime,INT8,0.445,0.8012909174734898,0.7235636969192334,0.8977272727272718,869,332,99,1201
pruned_recovered,ONNX_Runtime,INT8,0.446,0.802400738688827,0.7253756260434051,0.8977272727272718,869,329,99,1198
pruned_recovered,ONNX_Runtime,INT8,0.447,0.8031423290203323,0.7265886287625413,0.8977272727272718,869,327,99,1196
pruned_recovered,ONNX_Runtime,INT8,0.448,0.8042572882924569,0.7284157585917849,0.8977272727272718,869,324,99,1193
pruned_recovered,ONNX_Runtime,INT8,0.449,0.8048215113583678,0.7300252312867951,0.8966942148760321,868,321,100,1189
pruned_recovered,ONNX_Runtime,INT8,0.45,0.8050139275766013,0.7310286677908931,0.8956611570247924,867,319,101,1186
pruned_recovered,ONNX_Runtime,INT8,0.451,0.8057620817843862,0.7322635135135129,0.8956611570247924,867,317,101,1184
pruned_recovered,ONNX_Runtime,INT8,0.452,0.8065116279069764,0.7335025380710655,0.8956611570247924,867,315,101,1182
pruned_recovered,ONNX_Runtime,INT8,0.453,0.8068869241507675,0.7341236240474168,0.8956611570247924,867,314,101,1181
pruned_recovered,ONNX_Runtime,INT8,0.454,0.8076385654401487,0.735368956743002,0.8956611570247924,867,312,101,1179
pruned_recovered,ONNX_Runtime,INT8,0.455,0.8072795146990197,0.7361702127659568,0.8935950413223132,865,310,103,1175
pruned_recovered,ONNX_Runtime,INT8,0.456,0.8074766355140184,0.7372013651877127,0.8925619834710734,864,308,104,1172
pruned_recovered,ONNX_Runtime,INT8,0.457,0.8080524344569285,0.7388698630136981,0.8915289256198338,863,305,105,1168
pruned_recovered,ONNX_Runtime,INT8,0.458,0.8086303939962474,0.7405498281786935,0.8904958677685941,862,302,106,1164
pruned_recovered,ONNX_Runtime,INT8,0.459,0.8086506817113301,0.7420189818809313,0.8884297520661147,860,299,108,1159
pruned_recovered,ONNX_Runtime,INT8,0.46,0.809411764705882,0.7433016421780461,0.8884297520661147,860,297,108,1157
pruned_recovered,ONNX_Runtime,INT8,0.461,0.8099952852428096,0.745013009540329,0.8873966942148751,859,294,109,1153
pruned_recovered,ONNX_Runtime,INT8,0.462,0.810964083175803,0.7473867595818809,0.8863636363636355,858,290,110,1148
pruned_recovered,ONNX_Runtime,INT8,0.463,0.8115530303030299,0.7491258741258735,0.8853305785123957,857,287,111,1144
pruned_recovered,ONNX_Runtime,INT8,0.464,0.8123222748815162,0.7504378283712778,0.8853305785123957,857,285,111,1142
pruned_recovered,ONNX_Runtime,INT8,0.465,0.8130929791271344,0.7517543859649117,0.8853305785123957,857,283,111,1140
pruned_recovered,ONNX_Runtime,INT8,0.466,0.8130929791271344,0.7517543859649117,0.8853305785123957,857,283,111,1140
pruned_recovered,ONNX_Runtime,INT8,0.467,0.8142517814726837,0.753737906772207,0.8853305785123957,857,280,111,1137
pruned_recovered,ONNX_Runtime,INT8,0.468,0.815413891531874,0.7557319223985884,0.8853305785123957,857,277,111,1134
pruned_recovered,ONNX_Runtime,INT8,0.469,0.815413891531874,0.7557319223985884,0.8853305785123957,857,277,111,1134
pruned_recovered,ONNX_Runtime,INT8,0.47,0.8169685414680645,0.7584070796460171,0.8853305785123957,857,273,111,1130
pruned_recovered,ONNX_Runtime,INT8,0.471,0.8173581306628513,0.7590788308237372,0.8853305785123957,857,272,111,1129
pruned_recovered,ONNX_Runtime,INT8,0.472,0.8179646440516002,0.7608888888888883,0.8842975206611561,856,269,112,1125
pruned_recovered,ONNX_Runtime,INT8,0.473,0.8183556405353725,0.7615658362989318,0.8842975206611561,856,268,112,1124
pruned_recovered,ONNX_Runtime,INT8,0.474,0.8187470109995214,0.762243989314336,0.8842975206611561,856,267,112,1123
pruned_recovered,ONNX_Runtime,INT8,0.475,0.8195308760172327,0.7636039250669039,0.8842975206611561,856,265,112,1121
pruned_recovered,ONNX_Runtime,INT8,0.476,0.8193579300431237,0.7640750670241281,0.8832644628099164,855,264,113,1119
pruned_recovered,ONNX_Runtime,INT8,0.477,0.8182254196642682,0.7636526410026852,0.881198347107437,853,264,115,1117
pruned_recovered,ONNX_Runtime,INT8,0.478,0.8190110417666823,0.765022421524663,0.881198347107437,853,262,115,1115
pruned_recovered,ONNX_Runtime,INT8,0.479,0.8201923076923073,0.7670863309352511,0.881198347107437,853,259,115,1112
pruned_recovered,ONNX_Runtime,INT8,0.48,0.8205868205868202,0.7677767776777672,0.881198347107437,853,258,115,1111
pruned_recovered,ONNX_Runtime,INT8,0.481,0.8217726396917144,0.7698555956678694,0.881198347107437,853,255,115,1108
pruned_recovered,ONNX_Runtime,INT8,0.482,0.8216007714561231,0.7703435804701622,0.8801652892561974,852,254,116,1106
pruned_recovered,ONNX_Runtime,INT8,0.483,0.8219971056439939,0.7710407239818998,0.8801652892561974,852,253,116,1105
pruned_recovered,ONNX_Runtime,INT8,0.484,0.8227909222597776,0.7724388032638253,0.8801652892561974,852,251,116,1103
pruned_recovered,ONNX_Runtime,INT8,0.485,0.8235862735621069,0.7738419618528604,0.8801652892561974,852,249,116,1101
pruned_recovered,ONNX_Runtime,INT8,0.486,0.8238141335914808,0.7750455373406187,0.8791322314049578,851,247,117,1098
pruned_recovered,ONNX_Runtime,INT8,0.487,0.8250121182743574,0.7771689497716888,0.8791322314049578,851,244,117,1095
pruned_recovered,ONNX_Runtime,INT8,0.488,0.825812712275594,0.7785910338517834,0.8791322314049578,851,242,117,1093
pruned_recovered,ONNX_Runtime,INT8,0.489,0.8252427184466016,0.7783882783882777,0.878099173553718,850,242,118,1092
pruned_recovered,ONNX_Runtime,INT8,0.49,0.8256435162700336,0.7791017415215392,0.878099173553718,850,241,118,1091
pruned_recovered,ONNX_Runtime,INT8,0.491,0.8256435162700336,0.7791017415215392,0.878099173553718,850,241,118,1091
pruned_recovered,ONNX_Runtime,INT8,0.492,0.8250728862973757,0.7788990825688067,0.8770661157024784,849,241,119,1090
pruned_recovered,ONNX_Runtime,INT8,0.493,0.8254739912493919,0.7796143250688699,0.8770661157024784,849,240,119,1089
pruned_recovered,ONNX_Runtime,INT8,0.494,0.825304136253041,0.7801287948482054,0.8760330578512388,848,239,120,1087
pruned_recovered,ONNX_Runtime,INT8,0.495,0.82570593962999,0.7808471454880288,0.8760330578512388,848,238,120,1086
pruned_recovered,ONNX_Runtime,INT8,0.496,0.82570593962999,0.7808471454880288,0.8760330578512388,848,238,120,1086
pruned_recovered,ONNX_Runtime,INT8,0.497,0.8251339503166095,0.7806451612903219,0.8749999999999991,847,238,121,1085
pruned_recovered,ONNX_Runtime,INT8,0.498,0.8255360623781672,0.7813653136531359,0.8749999999999991,847,237,121,1084
pruned_recovered,ONNX_Runtime,INT8,0.499,0.8263414634146338,0.7828096118299439,0.8749999999999991,847,235,121,1082
pruned_recovered,ONNX_Runtime,INT8,0.5,0.8257686676427521,0.7826086956521733,0.8739669421487594,846,235,122,1081
pruned_recovered,ONNX_Runtime,INT8,0.501,0.8269794721407621,0.7847866419294984,0.8739669421487594,846,232,122,1078
pruned_recovered,ONNX_Runtime,INT8,0.502,0.8277886497064576,0.7862453531598507,0.8739669421487594,846,230,122,1076
pruned_recovered,ONNX_Runtime,INT8,0.503,0.8281938325991186,0.7869767441860458,0.8739669421487594,846,229,122,1075
pruned_recovered,ONNX_Runtime,INT8,0.504,0.8281938325991186,0.7869767441860458,0.8739669421487594,846,229,122,1075
pruned_recovered,ONNX_Runtime,INT8,0.505,0.828025477707006,0.7875116495806145,0.8729338842975197,845,228,123,1073
pruned_recovered,ONNX_Runtime,INT8,0.506,0.8263002944062803,0.7869158878504666,0.8698347107438007,842,228,126,1070
pruned_recovered,ONNX_Runtime,INT8,0.507,0.8263002944062803,0.7869158878504666,0.8698347107438007,842,228,126,1070
pruned_recovered,ONNX_Runtime,INT8,0.508,0.8267059401080016,0.7876520112254437,0.8698347107438007,842,227,126,1069
pruned_recovered,ONNX_Runtime,INT8,0.509,0.8283325135268073,0.790610328638497,0.8698347107438007,842,223,126,1065
pruned_recovered,ONNX_Runtime,INT8,0.51,0.8283325135268073,0.790610328638497,0.8698347107438007,842,223,126,1065
pruned_recovered,ONNX_Runtime,INT8,0.511,0.8287401574803146,0.7913533834586459,0.8698347107438007,842,222,126,1064
pruned_recovered,ONNX_Runtime,INT8,0.512,0.8295566502463051,0.7928436911487752,0.8698347107438007,842,220,126,1062
pruned_recovered,ONNX_Runtime,INT8,0.513,0.8311944718657449,0.795841209829867,0.8698347107438007,842,216,126,1058
pruned_recovered,ONNX_Runtime,INT8,0.514,0.8311944718657449,0.795841209829867,0.8698347107438007,842,216,126,1058
pruned_recovered,ONNX_Runtime,INT8,0.515,0.8320158102766795,0.7973484848484842,0.8698347107438007,842,214,126,1056
pruned_recovered,ONNX_Runtime,INT8,0.516,0.8320158102766795,0.7973484848484842,0.8698347107438007,842,214,126,1056
pruned_recovered,ONNX_Runtime,INT8,0.517,0.8332508659079659,0.7996201329534656,0.8698347107438007,842,211,126,1053
pruned_recovered,ONNX_Runtime,INT8,0.518,0.8325074331020809,0.7999999999999993,0.8677685950413214,840,210,128,1050
pruned_recovered,ONNX_Runtime,INT8,0.519,0.832920178482895,0.8007626310772157,0.8677685950413214,840,209,128,1049
pruned_recovered,ONNX_Runtime,INT8,0.52,0.8323412698412694,0.8005725190839688,0.8667355371900818,839,209,129,1048
pruned_recovered,ONNX_Runtime,INT8,0.521,0.8331678252234356,0.8021032504780108,0.8667355371900818,839,207,129,1046
pruned_recovered,ONNX_Runtime,INT8,0.522,0.8330019880715702,0.8026819923371641,0.865702479338842,838,206,130,1044
pruned_recovered,ONNX_Runtime,INT8,0.523,0.8342458934793425,0.8049951969260319,0.865702479338842,838,203,130,1041
pruned_recovered,ONNX_Runtime,INT8,0.524,0.8346613545816729,0.80576923076923,0.865702479338842,838,202,130,1040
pruned_recovered,ONNX_Runtime,INT8,0.525,0.8346613545816729,0.80576923076923,0.865702479338842,838,202,130,1040
pruned_recovered,ONNX_Runtime,INT8,0.526,0.8350772296960634,0.8065447545717028,0.865702479338842,838,201,130,1039
pruned_recovered,ONNX_Runtime,INT8,0.527,0.8349127182044884,0.8071359691417543,0.8646694214876024,837,200,131,1037
pruned_recovered,ONNX_Runtime,INT8,0.528,0.8357463804293556,0.8086956521739124,0.8646694214876024,837,198,131,1035
pruned_recovered,ONNX_Runtime,INT8,0.529,0.8361638361638358,0.8094777562862662,0.8646694214876024,837,197,131,1034
pruned_recovered,ONNX_Runtime,INT8,0.53,0.8376753507014024,0.8132295719844351,0.8636363636363628,836,192,132,1028
pruned_recovered,ONNX_Runtime,INT8,0.531,0.8370927318295736,0.8130477117818883,0.862603305785123,835,192,133,1027
pruned_recovered,ONNX_Runtime,INT8,0.532,0.8383534136546181,0.8154296874999992,0.862603305785123,835,189,133,1024
pruned_recovered,ONNX_Runtime,INT8,0.533,0.8371859296482408,0.8150684931506841,0.8605371900826437,833,189,135,1022
pruned_recovered,ONNX_Runtime,INT8,0.534,0.8376068376068372,0.8158667972575898,0.8605371900826437,833,188,135,1021
pruned_recovered,ONNX_Runtime,INT8,0.535,0.8378650553877136,0.8172888015717085,0.8595041322314041,832,186,136,1018
pruned_recovered,ONNX_Runtime,INT8,0.536,0.8387096774193544,0.8188976377952748,0.8595041322314041,832,184,136,1016
pruned_recovered,ONNX_Runtime,INT8,0.537,0.8391326273323244,0.8197044334975361,0.8595041322314041,832,183,136,1015
pruned_recovered,ONNX_Runtime,INT8,0.538,0.839393939393939,0.8211462450592877,0.8584710743801643,831,181,137,1012
pruned_recovered,ONNX_Runtime,INT8,0.539,0.8382204246713848,0.82079207920792,0.8564049586776851,829,181,139,1010
pruned_recovered,ONNX_Runtime,INT8,0.54,0.8389057750759874,0.8230616302186871,0.8553719008264454,828,178,140,1006
pruned_recovered,ONNX_Runtime,INT8,0.541,0.8383172833248855,0.8228855721393027,0.8543388429752057,827,178,141,1005
pruned_recovered,ONNX_Runtime,INT8,0.542,0.8395939086294413,0.8253493013972047,0.8543388429752057,827,175,141,1002
pruned_recovered,ONNX_Runtime,INT8,0.543,0.8404471544715443,0.8269999999999992,0.8543388429752057,827,173,141,1000
pruned_recovered,ONNX_Runtime,INT8,0.544,0.8404471544715443,0.8269999999999992,0.8543388429752057,827,173,141,1000
pruned_recovered,ONNX_Runtime,INT8,0.545,0.8404471544715443,0.8269999999999992,0.8543388429752057,827,173,141,1000
pruned_recovered,ONNX_Runtime,INT8,0.546,0.8413021363173954,0.8286573146292576,0.8543388429752057,827,171,141,998
pruned_recovered,ONNX_Runtime,INT8,0.547,0.8413021363173954,0.8286573146292576,0.8543388429752057,827,171,141,998
pruned_recovered,ONNX_Runtime,INT8,0.548,0.8413021363173954,0.8286573146292576,0.8543388429752057,827,171,141,998
pruned_recovered,ONNX_Runtime,INT8,0.549,0.8406537282941774,0.8313131313131304,0.850206611570247,823,167,145,990
pruned_recovered,ONNX_Runtime,INT8,0.55,0.8401639344262292,0.8333333333333325,0.847107438016528,820,164,148,984
pruned_recovered,ONNX_Runtime,INT8,0.551,0.8383786557208821,0.8328236493374099,0.8440082644628091,817,164,151,981
pruned_recovered,ONNX_Runtime,INT8,0.552,0.8383786557208821,0.8328236493374099,0.8440082644628091,817,164,151,981
pruned_recovered,ONNX_Runtime,INT8,0.553,0.8376156217882833,0.8333333333333325,0.8419421487603297,815,163,153,978
pruned_recovered,ONNX_Runtime,INT8,0.554,0.8368502316006172,0.833846153846153,0.8398760330578503,813,162,155,975
pruned_recovered,ONNX_Runtime,INT8,0.555,0.8368502316006172,0.833846153846153,0.8398760330578503,813,162,155,975
pruned_recovered,ONNX_Runtime,INT8,0.556,0.8356517259144767,0.8335046248715304,0.837809917355371,811,162,157,973
pruned_recovered,ONNX_Runtime,INT8,0.557,0.8344507478081481,0.8331616889804316,0.8357438016528916,809,162,159,971
pruned_recovered,ONNX_Runtime,INT8,0.558,0.8342798141455856,0.8338493292053655,0.834710743801652,808,161,160,969
pruned_recovered,ONNX_Runtime,INT8,0.559,0.8330749354005164,0.8335056876938978,0.8326446280991727,806,161,162,967
pruned_recovered,ONNX_Runtime,INT8,0.56,0.8339368856699427,0.8352331606217608,0.8326446280991727,806,159,162,965
pruned_recovered,ONNX_Runtime,INT8,0.561,0.8343685300207035,0.8360995850622398,0.8326446280991727,806,158,162,964
pruned_recovered,ONNX_Runtime,INT8,0.562,0.8352331606217612,0.8378378378378369,0.8326446280991727,806,156,162,962
pruned_recovered,ONNX_Runtime,INT8,0.563,0.8350622406639,0.8385416666666657,0.831611570247933,805,155,163,960
pruned_recovered,ONNX_Runtime,INT8,0.564,0.8348909657320869,0.8392484342379949,0.8305785123966933,804,154,164,958
pruned_recovered,ONNX_Runtime,INT8,0.565,0.834113364534581,0.8397905759162295,0.828512396694214,802,153,166,955
pruned_recovered,ONNX_Runtime,INT8,0.566,0.8348097967691502,0.8422712933753934,0.8274793388429743,801,150,167,951
pruned_recovered,ONNX_Runtime,INT8,0.567,0.8346374543557639,0.8429926238145408,0.8264462809917347,800,149,168,949
pruned_recovered,ONNX_Runtime,INT8,0.568,0.8355091383812007,0.8447729672650466,0.8264462809917347,800,147,168,947
pruned_recovered,ONNX_Runtime,INT8,0.569,0.8351648351648348,0.846235418875927,0.8243801652892553,798,145,170,943
pruned_recovered,ONNX_Runtime,INT8,0.57,0.836306400839454,0.849680170575692,0.8233471074380156,797,141,171,938
pruned_recovered,ONNX_Runtime,INT8,0.571,0.836306400839454,0.849680170575692,0.8233471074380156,797,141,171,938
pruned_recovered,ONNX_Runtime,INT8,0.572,0.8356955380577424,0.8495197438633929,0.822314049586776,796,141,172,937
pruned_recovered,ONNX_Runtime,INT8,0.573,0.8356955380577424,0.8495197438633929,0.822314049586776,796,141,172,937
pruned_recovered,ONNX_Runtime,INT8,0.574,0.8355228586442456,0.8502673796791435,0.8212809917355364,795,140,173,935
pruned_recovered,ONNX_Runtime,INT8,0.575,0.8355228586442456,0.8502673796791435,0.8212809917355364,795,140,173,935
pruned_recovered,ONNX_Runtime,INT8,0.576,0.8357894736842101,0.8519313304721021,0.8202479338842966,794,138,174,932
pruned_recovered,ONNX_Runtime,INT8,0.577,0.836056931997891,0.853606027987082,0.819214876033057,793,136,175,929
pruned_recovered,ONNX_Runtime,INT8,0.578,0.8354430379746831,0.8534482758620681,0.8181818181818173,792,136,176,928
pruned_recovered,ONNX_Runtime,INT8,0.579,0.8358839050131922,0.854368932038834,0.8181818181818173,792,135,176,927
pruned_recovered,ONNX_Runtime,INT8,0.58,0.8357105124141571,0.8551351351351342,0.8171487603305776,791,134,177,925
pruned_recovered,ONNX_Runtime,INT8,0.581,0.8359788359788356,0.8568329718004329,0.816115702479338,790,132,178,922
pruned_recovered,ONNX_Runtime,INT8,0.582,0.835362625727898,0.8566775244299665,0.8150826446280983,789,132,179,921
pruned_recovered,ONNX_Runtime,INT8,0.583,0.835362625727898,0.8566775244299665,0.8150826446280983,789,132,179,921
pruned_recovered,ONNX_Runtime,INT8,0.584,0.8362480127186005,0.8585418933623494,0.8150826446280983,789,130,179,919
pruned_recovered,ONNX_Runtime,INT8,0.585,0.8366914103923644,0.8594771241830056,0.8150826446280983,789,129,179,918
pruned_recovered,ONNX_Runtime,INT8,0.586,0.8365180467091291,0.8602620087336235,0.8140495867768587,788,128,180,916
pruned_recovered,ONNX_Runtime,INT8,0.587,0.8365180467091291,0.8602620087336235,0.8140495867768587,788,128,180,916
pruned_recovered,ONNX_Runtime,INT8,0.588,0.836170212765957,0.861842105263157,0.8119834710743793,786,126,182,912
pruned_recovered,ONNX_Runtime,INT8,0.589,0.8355508249068649,0.8616904500548838,0.8109504132231397,785,126,183,911
pruned_recovered,ONNX_Runtime,INT8,0.59,0.8349307774227898,0.8615384615384606,0.8099173553719,784,126,184,910
pruned_recovered,ONNX_Runtime,INT8,0.591,0.8345784418356452,0.8631346578366437,0.8078512396694206,782,124,186,906
pruned_recovered,ONNX_Runtime,INT8,0.592,0.8350240256273355,0.8640883977900543,0.8078512396694206,782,123,186,905
pruned_recovered,ONNX_Runtime,INT8,0.593,0.8342245989304808,0.8647450110864735,0.8057851239669414,780,122,188,902
pruned_recovered,ONNX_Runtime,INT8,0.594,0.8342245989304808,0.8647450110864735,0.8057851239669414,780,122,188,902
pruned_recovered,ONNX_Runtime,INT8,0.595,0.8342245989304808,0.8647450110864735,0.8057851239669414,780,122,188,902
pruned_recovered,ONNX_Runtime,INT8,0.596,0.8336008560727658,0.8645948945615972,0.8047520661157016,779,122,189,901
pruned_recovered,ONNX_Runtime,INT8,0.597,0.834493840385645,0.8665183537263617,0.8047520661157016,779,120,189,899
pruned_recovered,ONNX_Runtime,INT8,0.598,0.834493840385645,0.8665183537263617,0.8047520661157016,779,120,189,899
pruned_recovered,ONNX_Runtime,INT8,0.599,0.8352120236178203,0.8692737430167587,0.803719008264462,778,117,190,895
pruned_recovered,ONNX_Runtime,INT8,0.6,0.8345864661654131,0.8691275167785225,0.8026859504132223,777,117,191,894
pruned_recovered,ONNX_Runtime,INT8,0.601,0.8345864661654131,0.8691275167785225,0.8026859504132223,777,117,191,894
pruned_recovered,ONNX_Runtime,INT8,0.602,0.8350349274583553,0.8701007838745791,0.8026859504132223,777,116,191,893
pruned_recovered,ONNX_Runtime,INT8,0.603,0.8344086021505372,0.8699551569506716,0.8016528925619826,776,116,192,892
pruned_recovered,ONNX_Runtime,INT8,0.604,0.8348574502420653,0.8709315375982033,0.8016528925619826,776,115,192,891
pruned_recovered,ONNX_Runtime,INT8,0.605,0.834230355220667,0.8707865168539316,0.8006198347107429,775,115,193,890
pruned_recovered,ONNX_Runtime,INT8,0.606,0.834230355220667,0.8707865168539316,0.8006198347107429,775,115,193,890
pruned_recovered,ONNX_Runtime,INT8,0.607,0.8346795907377487,0.8717660292463432,0.8006198347107429,775,114,193,889
pruned_recovered,ONNX_Runtime,INT8,0.608,0.8351293103448272,0.8727477477477468,0.8006198347107429,775,113,193,888
pruned_recovered,ONNX_Runtime,INT8,0.609,0.8343227199136531,0.8734463276836149,0.7985537190082637,773,112,195,885
pruned_recovered,ONNX_Runtime,INT8,0.61,0.8336933045356367,0.8733031674208135,0.7975206611570239,772,112,196,884
pruned_recovered,ONNX_Runtime,INT8,0.611,0.8330632090761746,0.8731596828992062,0.7964876033057843,771,112,197,883
pruned_recovered,ONNX_Runtime,INT8,0.612,0.8318009734991884,0.8728717366628821,0.794421487603305,769,112,199,881
pruned_recovered,ONNX_Runtime,INT8,0.613,0.8325203252032516,0.8757126567844916,0.7933884297520652,768,109,200,877
pruned_recovered,ONNX_Runtime,INT8,0.614,0.8327904451682949,0.8775743707093812,0.7923553719008256,767,107,201,874
pruned_recovered,ONNX_Runtime,INT8,0.615,0.8332428028245514,0.8785796105383724,0.7923553719008256,767,106,201,873
pruned_recovered,ONNX_Runtime,INT8,0.616,0.8326086956521735,0.8784403669724761,0.791322314049586,766,106,202,872
pruned_recovered,ONNX_Runtime,INT8,0.617,0.8319738988580746,0.8783008036739369,0.7902892561983462,765,106,203,871
pruned_recovered,ONNX_Runtime,INT8,0.618,0.8303327877795958,0.8797687861271666,0.7861570247933876,761,104,207,865
pruned_recovered,ONNX_Runtime,INT8,0.619,0.8290551611141449,0.8794901506373106,0.7840909090909083,759,104,209,863
pruned_recovered,ONNX_Runtime,INT8,0.62,0.8288682340076541,0.8803716608594647,0.7830578512396686,758,103,210,861
pruned_recovered,ONNX_Runtime,INT8,0.621,0.8282275711159733,0.8802325581395338,0.7820247933884289,757,103,211,860
pruned_recovered,ONNX_Runtime,INT8,0.622,0.8275862068965513,0.8800931315483109,0.7809917355371893,756,103,212,859
pruned_recovered,ONNX_Runtime,INT8,0.623,0.8265642151481883,0.8817330210772824,0.7778925619834702,753,101,215,854
pruned_recovered,ONNX_Runtime,INT8,0.624,0.8259198242723774,0.8815943728018747,0.7768595041322306,752,101,216,853
pruned_recovered,ONNX_Runtime,INT8,0.625,0.8246289169873553,0.881316098707402,0.7747933884297512,750,101,218,851
pruned_recovered,ONNX_Runtime,INT8,0.626,0.8239823982398236,0.8811764705882342,0.7737603305785116,749,101,219,850
pruned_recovered,ONNX_Runtime,INT8,0.627,0.8239823982398236,0.8811764705882342,0.7737603305785116,749,101,219,850
pruned_recovered,ONNX_Runtime,INT8,0.628,0.8237885462555062,0.8820754716981122,0.7727272727272719,748,100,220,848
pruned_recovered,ONNX_Runtime,INT8,0.629,0.8224917309812565,0.8817966903073275,0.7706611570247925,746,100,222,846
pruned_recovered,ONNX_Runtime,INT8,0.63,0.8222958057395139,0.8827014218009468,0.7696280991735529,745,99,223,844
pruned_recovered,ONNX_Runtime,INT8,0.631,0.8225538971807624,0.8846611177170025,0.7685950413223133,744,97,224,841
pruned_recovered,ONNX_Runtime,INT8,0.632,0.822357498616491,0.8855780691299154,0.7675619834710735,743,96,225,839
pruned_recovered,ONNX_Runtime,INT8,0.633,0.822357498616491,0.8855780691299154,0.7675619834710735,743,96,225,839
pruned_recovered,ONNX_Runtime,INT8,0.634,0.8201997780244169,0.8860911270983203,0.7634297520661149,739,95,229,834
pruned_recovered,ONNX_Runtime,INT8,0.635,0.8199999999999996,0.8870192307692297,0.7623966942148752,738,94,230,832
pruned_recovered,ONNX_Runtime,INT8,0.636,0.8199999999999996,0.8870192307692297,0.7623966942148752,738,94,230,832
pruned_recovered,ONNX_Runtime,INT8,0.637,0.8197997775305891,0.8879518072289145,0.7613636363636356,737,93,231,830
pruned_recovered,ONNX_Runtime,INT8,0.638,0.8182831661092527,0.8886198547215486,0.7582644628099166,734,92,234,826
pruned_recovered,ONNX_Runtime,INT8,0.639,0.8169642857142853,0.8883495145631057,0.7561983471074372,732,92,236,824
pruned_recovered,ONNX_Runtime,INT8,0.64,0.8160983789826715,0.8891595615103521,0.7541322314049579,730,91,238,821
pruned_recovered,ONNX_Runtime,INT8,0.641,0.8160983789826715,0.8891595615103521,0.7541322314049579,730,91,238,821
pruned_recovered,ONNX_Runtime,INT8,0.642,0.8152295632698764,0.8899755501222483,0.7520661157024785,728,90,240,818
pruned_recovered,ONNX_Runtime,INT8,0.643,0.8125701459034789,0.8894348894348884,0.7479338842975198,724,90,244,814
pruned_recovered,ONNX_Runtime,INT8,0.644,0.8112359550561794,0.8891625615763535,0.7458677685950406,722,90,246,812
pruned_recovered,ONNX_Runtime,INT8,0.645,0.8098987626546678,0.8888888888888877,0.7438016528925612,720,90,248,810
pruned_recovered,ONNX_Runtime,INT8,0.646,0.8098987626546678,0.8888888888888877,0.7438016528925612,720,90,248,810
pruned_recovered,ONNX_Runtime,INT8,0.647,0.8103545301069214,0.8899876390605674,0.7438016528925612,720,89,248,809
pruned_recovered,ONNX_Runtime,INT8,0.648,0.8096846846846842,0.8898514851485138,0.7427685950413215,719,89,249,808
pruned_recovered,ONNX_Runtime,INT8,0.649,0.8105975197294246,0.8920595533498747,0.7427685950413215,719,87,249,806
pruned_recovered,ONNX_Runtime,INT8,0.65,0.8099266779469821,0.8919254658385082,0.7417355371900819,718,87,250,805
pruned_recovered,ONNX_Runtime,INT8,0.651,0.8085827216261995,0.8916562889165618,0.7396694214876025,716,87,252,803
pruned_recovered,ONNX_Runtime,INT8,0.652,0.8083663086489538,0.8926342072409477,0.7386363636363629,715,86,253,801
pruned_recovered,ONNX_Runtime,INT8,0.653,0.8086070215175534,0.894736842105262,0.7376033057851232,714,84,254,798
pruned_recovered,ONNX_Runtime,INT8,0.654,0.807954545454545,0.8977272727272716,0.7345041322314042,711,81,257,792
pruned_recovered,ONNX_Runtime,INT8,0.655,0.8084138715179074,0.8988621997471543,0.7345041322314042,711,80,257,791
pruned_recovered,ONNX_Runtime,INT8,0.656,0.8068376068376064,0.8996188055908502,0.7314049586776852,708,79,260,787
pruned_recovered,ONNX_Runtime,INT8,0.657,0.8077581289218478,0.9019108280254764,0.7314049586776852,708,77,260,785
pruned_recovered,ONNX_Runtime,INT8,0.658,0.8063963449457449,0.9016602809706248,0.7293388429752058,706,77,262,783
pruned_recovered,ONNX_Runtime,INT8,0.659,0.8068571428571424,0.9028132992327352,0.7293388429752058,706,76,262,782
pruned_recovered,ONNX_Runtime,INT8,0.66,0.8066361556064069,0.9038461538461526,0.7283057851239662,705,75,263,780
pruned_recovered,ONNX_Runtime,INT8,0.661,0.8057306590257876,0.9047619047619035,0.7262396694214869,703,74,265,777
pruned_recovered,ONNX_Runtime,INT8,0.662,0.8057306590257876,0.9047619047619035,0.7262396694214869,703,74,265,777
pruned_recovered,ONNX_Runtime,INT8,0.663,0.8048220436280134,0.9056847545219626,0.7241735537190075,701,73,267,774
pruned_recovered,ONNX_Runtime,INT8,0.664,0.8034482758620686,0.9054404145077708,0.7221074380165282,699,73,269,772
pruned_recovered,ONNX_Runtime,INT8,0.665,0.801381692573402,0.9050715214564358,0.7190082644628092,696,73,272,769
pruned_recovered,ONNX_Runtime,INT8,0.666,0.8006912442396309,0.9049479166666654,0.7179752066115694,695,73,273,768
pruned_recovered,ONNX_Runtime,INT8,0.667,0.7986151182919788,0.9045751633986916,0.7148760330578505,692,73,276,765
pruned_recovered,ONNX_Runtime,INT8,0.668,0.7979214780600458,0.9044502617801036,0.7138429752066108,691,73,277,764
pruned_recovered,ONNX_Runtime,INT8,0.669,0.7976878612716759,0.9055118110236208,0.7128099173553711,690,72,278,762
pruned_recovered,ONNX_Runtime,INT8,0.67,0.7974537037037033,0.9065789473684198,0.7117768595041315,689,71,279,760
pruned_recovered,ONNX_Runtime,INT8,0.671,0.7953623188405793,0.9062087186261548,0.7086776859504125,686,71,282,757
pruned_recovered,ONNX_Runtime,INT8,0.672,0.795823665893271,0.9074074074074062,0.7086776859504125,686,70,282,756
pruned_recovered,ONNX_Runtime,INT8,0.673,0.7962855484619845,0.9086092715231776,0.7086776859504125,686,69,282,755
pruned_recovered,ONNX_Runtime,INT8,0.674,0.796048808832074,0.9096945551128806,0.7076446280991728,685,68,283,753
pruned_recovered,ONNX_Runtime,INT8,0.675,0.7939464493597201,0.909333333333332,0.7045454545454538,682,68,286,750
pruned_recovered,ONNX_Runtime,INT8,0.676,0.7937062937062933,0.9104278074866298,0.7035123966942142,681,67,287,748
pruned_recovered,ONNX_Runtime,INT8,0.677,0.7927612375948624,0.9114093959731532,0.7014462809917348,679,66,289,745
pruned_recovered,ONNX_Runtime,INT8,0.678,0.7927612375948624,0.9114093959731532,0.7014462809917348,679,66,289,745
pruned_recovered,ONNX_Runtime,INT8,0.679,0.7925189947399177,0.9125168236877512,0.7004132231404951,678,65,290,743
pruned_recovered,ONNX_Runtime,INT8,0.68,0.7915690866510534,0.9135135135135124,0.6983471074380158,676,64,292,740
pruned_recovered,ONNX_Runtime,INT8,0.681,0.7908611599297009,0.9133964817320692,0.6973140495867761,675,64,293,739
pruned_recovered,ONNX_Runtime,INT8,0.682,0.7894428152492664,0.91316146540027,0.6952479338842967,673,64,295,737
pruned_recovered,ONNX_Runtime,INT8,0.683,0.7884841363102228,0.914168937329699,0.6931818181818175,671,63,297,734
pruned_recovered,ONNX_Runtime,INT8,0.684,0.7879858657243812,0.9164383561643824,0.6911157024793381,669,61,299,730
pruned_recovered,ONNX_Runtime,INT8,0.685,0.7863046044864223,0.9173553719008252,0.6880165289256192,666,60,302,726
pruned_recovered,ONNX_Runtime,INT8,0.686,0.7855877141169517,0.9172413793103436,0.6869834710743794,665,60,303,725
pruned_recovered,ONNX_Runtime,INT8,0.687,0.7860520094562643,0.9185082872928164,0.6869834710743794,665,59,303,724
pruned_recovered,ONNX_Runtime,INT8,0.688,0.7860520094562643,0.9185082872928164,0.6869834710743794,665,59,303,724
pruned_recovered,ONNX_Runtime,INT8,0.689,0.7865168539325839,0.919778699861686,0.6869834710743794,665,58,303,723
pruned_recovered,ONNX_Runtime,INT8,0.69,0.7867298578199048,0.9222222222222208,0.6859504132231398,664,56,304,720
pruned_recovered,ONNX_Runtime,INT8,0.691,0.7867298578199048,0.9222222222222208,0.6859504132231398,664,56,304,720
pruned_recovered,ONNX_Runtime,INT8,0.692,0.7860106698280968,0.9221140472878986,0.6849173553719001,663,56,305,719
pruned_recovered,ONNX_Runtime,INT8,0.693,0.7852906287069984,0.9220055710306394,0.6838842975206605,662,56,306,718
pruned_recovered,ONNX_Runtime,INT8,0.694,0.7850356294536813,0.923184357541898,0.6828512396694207,661,55,307,716
pruned_recovered,ONNX_Runtime,INT8,0.695,0.7855020796197263,0.9244755244755232,0.6828512396694207,661,54,307,715
pruned_recovered,ONNX_Runtime,INT8,0.696,0.7840571088637711,0.9242636746143044,0.6807851239669415,659,54,309,713
pruned_recovered,ONNX_Runtime,INT8,0.697,0.7840571088637711,0.9242636746143044,0.6807851239669415,659,54,309,713
pruned_recovered,ONNX_Runtime,INT8,0.698,0.7840571088637711,0.9242636746143044,0.6807851239669415,659,54,309,713
pruned_recovered,ONNX_Runtime,INT8,0.699,0.7826086956521735,0.9240506329113912,0.6787190082644621,657,54,311,711
pruned_recovered,ONNX_Runtime,INT8,0.7,0.7826086956521735,0.9240506329113912,0.6787190082644621,657,54,311,711
pruned_recovered,ONNX_Runtime,INT8,0.701,0.7806335923490731,0.9262411347517716,0.6745867768595034,653,52,315,705
pruned_recovered,ONNX_Runtime,INT8,0.702,0.7803710353081983,0.9274537695590314,0.6735537190082638,652,51,316,703
pruned_recovered,ONNX_Runtime,INT8,0.703,0.7801078490113836,0.9286733238231084,0.6725206611570241,651,50,317,701
pruned_recovered,ONNX_Runtime,INT8,0.704,0.7791116446578628,0.929799426934096,0.6704545454545447,649,49,319,698
pruned_recovered,ONNX_Runtime,INT8,0.705,0.778378378378378,0.929698708751792,0.6694214876033051,648,49,320,697
pruned_recovered,ONNX_Runtime,INT8,0.706,0.7769092002405288,0.9294964028776964,0.6673553719008257,646,49,322,695
pruned_recovered,ONNX_Runtime,INT8,0.707,0.774427020506634,0.9304347826086944,0.6632231404958671,642,48,326,690
pruned_recovered,ONNX_Runtime,INT8,0.708,0.7726723095525994,0.9314868804664708,0.660123966942148,639,47,329,686
pruned_recovered,ONNX_Runtime,INT8,0.709,0.7726723095525994,0.9314868804664708,0.660123966942148,639,47,329,686
pruned_recovered,ONNX_Runtime,INT8,0.71,0.7726723095525994,0.9314868804664708,0.660123966942148,639,47,329,686
pruned_recovered,ONNX_Runtime,INT8,0.711,0.7719298245614031,0.9313868613138672,0.6590909090909084,638,47,330,685
pruned_recovered,ONNX_Runtime,INT8,0.712,0.7709090909090904,0.9325513196480923,0.657024793388429,636,46,332,682
pruned_recovered,ONNX_Runtime,INT8,0.713,0.7713765918738625,0.9339207048458136,0.657024793388429,636,45,332,681
pruned_recovered,ONNX_Runtime,INT8,0.714,0.7698846387370973,0.9337260677466848,0.6549586776859497,634,45,334,679
pruned_recovered,ONNX_Runtime,INT8,0.715,0.7688564476885641,0.9349112426035489,0.6528925619834703,632,44,336,676
pruned_recovered,ONNX_Runtime,INT8,0.716,0.769324406573341,0.9362962962962948,0.6528925619834703,632,43,336,675
pruned_recovered,ONNX_Runtime,INT8,0.717,0.7645259938837916,0.9370314842578696,0.6456611570247927,625,42,343,667
pruned_recovered,ONNX_Runtime,INT8,0.718,0.7645259938837916,0.9370314842578696,0.6456611570247927,625,42,343,667
pruned_recovered,ONNX_Runtime,INT8,0.719,0.7654623392529083,0.9398496240601488,0.6456611570247927,625,40,343,665
pruned_recovered,ONNX_Runtime,INT8,0.72,0.7636586863106196,0.9409984871406945,0.6425619834710737,622,39,346,661
pruned_recovered,ONNX_Runtime,INT8,0.721,0.7613776137761373,0.9407294832826734,0.6394628099173547,619,39,349,658
pruned_recovered,ONNX_Runtime,INT8,0.722,0.7610837438423641,0.9420731707317058,0.6384297520661151,618,38,350,656
pruned_recovered,ONNX_Runtime,INT8,0.723,0.7610837438423641,0.9420731707317058,0.6384297520661151,618,38,350,656
pruned_recovered,ONNX_Runtime,INT8,0.724,0.7597282273008026,0.9447004608294916,0.635330578512396,615,36,353,651
pruned_recovered,ONNX_Runtime,INT8,0.725,0.757425742574257,0.944444444444443,0.632231404958677,612,36,356,648
pruned_recovered,ONNX_Runtime,INT8,0.726,0.755583126550868,0.945652173913042,0.629132231404958,609,35,359,644
pruned_recovered,ONNX_Runtime,INT8,0.727,0.7548106765983856,0.945567651632969,0.6280991735537184,608,35,360,643
pruned_recovered,ONNX_Runtime,INT8,0.728,0.7540372670807449,0.9454828660436122,0.6270661157024787,607,35,361,642
pruned_recovered,ONNX_Runtime,INT8,0.729,0.7532628962088249,0.9453978159126348,0.626033057851239,606,35,362,641
pruned_recovered,ONNX_Runtime,INT8,0.73,0.7532628962088249,0.9453978159126348,0.626033057851239,606,35,362,641
pruned_recovered,ONNX_Runtime,INT8,0.731,0.7532628962088249,0.9453978159126348,0.626033057851239,606,35,362,641
pruned_recovered,ONNX_Runtime,INT8,0.732,0.7517112632233972,0.9452269170579014,0.6239669421487597,604,35,364,639
pruned_recovered,ONNX_Runtime,INT8,0.733,0.750155763239875,0.9450549450549436,0.6219008264462803,602,35,366,637
pruned_recovered,ONNX_Runtime,INT8,0.734,0.750155763239875,0.9450549450549436,0.6219008264462803,602,35,366,637
pruned_recovered,ONNX_Runtime,INT8,0.735,0.7503121098626713,0.9479495268138786,0.6208677685950407,601,33,367,634
pruned_recovered,ONNX_Runtime,INT8,0.736,0.7499999999999996,0.9493670886075934,0.619834710743801,600,32,368,632
pruned_recovered,ONNX_Runtime,INT8,0.737,0.7499999999999996,0.9493670886075934,0.619834710743801,600,32,368,632
pruned_recovered,ONNX_Runtime,INT8,0.738,0.7484355444305377,0.9492063492063476,0.6177685950413216,598,32,370,630
pruned_recovered,ONNX_Runtime,INT8,0.739,0.7484355444305377,0.9492063492063476,0.6177685950413216,598,32,370,630
pruned_recovered,ONNX_Runtime,INT8,0.74,0.7473354231974917,0.9505582137161068,0.6157024793388424,596,31,372,627
pruned_recovered,ONNX_Runtime,INT8,0.741,0.7478042659974902,0.9520766773162924,0.6157024793388424,596,30,372,626
pruned_recovered,ONNX_Runtime,INT8,0.742,0.7470182046453229,0.9519999999999984,0.6146694214876026,595,30,373,625
pruned_recovered,ONNX_Runtime,INT8,0.743,0.7470182046453229,0.9519999999999984,0.6146694214876026,595,30,373,625
pruned_recovered,ONNX_Runtime,INT8,0.744,0.7462311557788941,0.9519230769230752,0.613636363636363,594,30,374,624
pruned_recovered,ONNX_Runtime,INT8,0.745,0.7427490542244637,0.9530744336569564,0.6084710743801647,589,29,379,618
pruned_recovered,ONNX_Runtime,INT8,0.746,0.7411616161616157,0.9529220779220764,0.6064049586776853,587,29,381,616
pruned_recovered,ONNX_Runtime,INT8,0.747,0.7387729285262488,0.9526916802610098,0.6033057851239663,584,29,384,613
pruned_recovered,ONNX_Runtime,INT8,0.748,0.7376425855513303,0.954098360655736,0.601239669421487,582,28,386,610
pruned_recovered,ONNX_Runtime,INT8,0.749,0.7360406091370554,0.953947368421051,0.5991735537190076,580,28,388,608
pruned_recovered,ONNX_Runtime,INT8,0.75,0.7344345616264291,0.9537953795379522,0.5971074380165283,578,28,390,606
pruned_recovered,ONNX_Runtime,INT8,0.751,0.7336300063572787,0.9537190082644612,0.5960743801652886,577,28,391,605
pruned_recovered,ONNX_Runtime,INT8,0.752,0.7328244274809156,0.9536423841059588,0.5950413223140489,576,28,392,604
pruned_recovered,ONNX_Runtime,INT8,0.753,0.7304015296367109,0.9534109816971698,0.5919421487603299,573,28,395,601
pruned_recovered,ONNX_Runtime,INT8,0.754,0.729246487867177,0.9548494983277576,0.5898760330578506,571,27,397,598
pruned_recovered,ONNX_Runtime,INT8,0.755,0.729246487867177,0.9548494983277576,0.5898760330578506,571,27,397,598
pruned_recovered,ONNX_Runtime,INT8,0.756,0.7276214833759587,0.9546979865771796,0.5878099173553712,569,27,399,596
pruned_recovered,ONNX_Runtime,INT8,0.757,0.7264573991031386,0.9561551433389528,0.585743801652892,567,26,401,593
pruned_recovered,ONNX_Runtime,INT8,0.758,0.7244701348747588,0.9575551782682497,0.582644628099173,564,25,404,589
pruned_recovered,ONNX_Runtime,INT8,0.759,0.7236503856041127,0.9574829931972773,0.5816115702479333,563,25,405,588
pruned_recovered,ONNX_Runtime,INT8,0.76,0.7211848036059236,0.9572649572649556,0.5785123966942143,560,25,408,585
pruned_recovered,ONNX_Runtime,INT8,0.761,0.7211848036059236,0.9572649572649556,0.5785123966942143,560,25,408,585
pruned_recovered,ONNX_Runtime,INT8,0.762,0.7211848036059236,0.9572649572649556,0.5785123966942143,560,25,408,585
pruned_recovered,ONNX_Runtime,INT8,0.763,0.7179818887451483,0.9602076124567456,0.5733471074380159,555,23,413,578
pruned_recovered,ONNX_Runtime,INT8,0.764,0.7176165803108804,0.9618055555555538,0.5723140495867762,554,22,414,576
pruned_recovered,ONNX_Runtime,INT8,0.765,0.7167854828256639,0.9617391304347808,0.5712809917355366,553,22,415,575
pruned_recovered,ONNX_Runtime,INT8,0.766,0.7155844155844152,0.9632867132867116,0.5692148760330572,551,21,417,572
pruned_recovered,ONNX_Runtime,INT8,0.767,0.7155844155844152,0.9632867132867116,0.5692148760330572,551,21,417,572
pruned_recovered,ONNX_Runtime,INT8,0.768,0.7105606258148627,0.9628975265017652,0.5630165289256193,545,21,423,566
pruned_recovered,ONNX_Runtime,INT8,0.769,0.7097195042400518,0.962831858407078,0.5619834710743796,544,21,424,565
pruned_recovered,ONNX_Runtime,INT8,0.77,0.7089601046435574,0.9661319073083762,0.5599173553719002,542,19,426,561
pruned_recovered,ONNX_Runtime,INT8,0.771,0.7061143984220903,0.9710669077757668,0.5547520661157019,537,16,431,553
pruned_recovered,ONNX_Runtime,INT8,0.772,0.7044107965766948,0.9709618874773122,0.5526859504132225,535,16,433,551
pruned_recovered,ONNX_Runtime,INT8,0.773,0.7036303630363032,0.974405850091406,0.5506198347107433,533,14,435,547
pruned_recovered,ONNX_Runtime,INT8,0.774,0.7027741083223246,0.9743589743589726,0.5495867768595035,532,14,436,546
pruned_recovered,ONNX_Runtime,INT8,0.775,0.7001985440105886,0.974217311233884,0.5464876033057845,529,14,439,543
pruned_recovered,ONNX_Runtime,INT8,0.776,0.7001985440105886,0.974217311233884,0.5464876033057845,529,14,439,543
pruned_recovered,ONNX_Runtime,INT8,0.777,0.7001985440105886,0.974217311233884,0.5464876033057845,529,14,439,543
pruned_recovered,ONNX_Runtime,INT8,0.778,0.6993377483443705,0.9741697416974152,0.5454545454545449,528,14,440,542
pruned_recovered,ONNX_Runtime,INT8,0.779,0.6984758117958909,0.9741219963031404,0.5444214876033052,527,14,441,541
pruned_recovered,ONNX_Runtime,INT8,0.78,0.6984758117958909,0.9741219963031404,0.5444214876033052,527,14,441,541
pruned_recovered,ONNX_Runtime,INT8,0.781,0.6941489361702123,0.9738805970149236,0.5392561983471069,522,14,446,536
pruned_recovered,ONNX_Runtime,INT8,0.782,0.6902536715620824,0.9754716981132056,0.5340909090909085,517,13,451,530
pruned_recovered,ONNX_Runtime,INT8,0.783,0.6902536715620824,0.9754716981132056,0.5340909090909085,517,13,451,530
pruned_recovered,ONNX_Runtime,INT8,0.784,0.6849865951742623,0.9751908396946546,0.5278925619834706,511,13,457,524
pruned_recovered,ONNX_Runtime,INT8,0.785,0.6841046277665992,0.9751434034416808,0.5268595041322308,510,13,458,523
pruned_recovered,ONNX_Runtime,INT8,0.786,0.6832214765100667,0.9750957854406112,0.5258264462809912,509,13,459,522
pruned_recovered,ONNX_Runtime,INT8,0.787,0.6801346801346797,0.976789168278528,0.5216942148760325,505,12,463,517
pruned_recovered,ONNX_Runtime,INT8,0.788,0.6801346801346797,0.976789168278528,0.5216942148760325,505,12,463,517
pruned_recovered,ONNX_Runtime,INT8,0.789,0.6783546864463921,0.9766990291262116,0.5196280991735531,503,12,465,515
pruned_recovered,ONNX_Runtime,INT8,0.79,0.6774628879892034,0.9766536964980526,0.5185950413223135,502,12,466,514
pruned_recovered,ONNX_Runtime,INT8,0.791,0.672985781990521,0.9764243614931218,0.5134297520661152,497,12,471,509
pruned_recovered,ONNX_Runtime,INT8,0.792,0.6720867208672082,0.9763779527559036,0.5123966942148754,496,12,472,508
pruned_recovered,ONNX_Runtime,INT8,0.793,0.6725423728813555,0.9783037475345148,0.5123966942148754,496,11,472,507
pruned_recovered,ONNX_Runtime,INT8,0.794,0.6671204901293393,0.9780439121756468,0.5061983471074375,490,11,478,501
pruned_recovered,ONNX_Runtime,INT8,0.795,0.6662125340599451,0.977999999999998,0.5051652892561979,489,11,479,500
pruned_recovered,ONNX_Runtime,INT8,0.796,0.6662125340599451,0.977999999999998,0.5051652892561979,489,11,479,500
pruned_recovered,ONNX_Runtime,INT8,0.797,0.6639344262295078,0.9798387096774174,0.5020661157024788,486,10,482,496
pruned_recovered,ONNX_Runtime,INT8,0.798,0.6584362139917691,0.979591836734692,0.4958677685950408,480,10,488,490
pruned_recovered,ONNX_Runtime,INT8,0.799,0.6593406593406589,0.9836065573770472,0.4958677685950408,480,8,488,488
pruned_recovered,ONNX_Runtime,INT8,0.8,0.6556473829201098,0.9834710743801632,0.4917355371900821,476,8,492,484
pruned_recovered,OpenVINO,INT8,0.3,0.6407017543859647,0.4851222104144524,0.9431818181818172,913,969,55,1882
pruned_recovered,OpenVINO,INT8,0.301,0.6411516853932582,0.4856382978723402,0.9431818181818172,913,967,55,1880
pruned_recovered,OpenVINO,INT8,0.302,0.642932675361297,0.4879614767255214,0.9421487603305776,912,957,56,1869
pruned_recovered,OpenVINO,INT8,0.303,0.6438404518178608,0.4890080428954421,0.9421487603305776,912,953,56,1865
pruned_recovered,OpenVINO,INT8,0.304,0.6449787835926448,0.490322580645161,0.9421487603305776,912,948,56,1860
pruned_recovered,OpenVINO,INT8,0.305,0.6463284852784673,0.4921663965424093,0.9411157024793378,911,940,57,1851
pruned_recovered,OpenVINO,INT8,0.306,0.6483985765124554,0.4945711183496197,0.9411157024793378,911,931,57,1842
pruned_recovered,OpenVINO,INT8,0.307,0.6500178380306812,0.4964577656675747,0.9411157024793378,911,924,57,1835
pruned_recovered,OpenVINO,INT8,0.308,0.6518783542039354,0.4986316365626708,0.9411157024793378,911,916,57,1827
pruned_recovered,OpenVINO,INT8,0.309,0.6537495514890561,0.5008246289169871,0.9411157024793378,911,908,57,1819
pruned_recovered,OpenVINO,INT8,0.31,0.6546762589928056,0.5022075055187636,0.9400826446280982,910,902,58,1812
pruned_recovered,OpenVINO,INT8,0.311,0.656092285508291,0.5038759689922478,0.9400826446280982,910,896,58,1806
pruned_recovered,OpenVINO,INT8,0.312,0.6594202898550723,0.5078124999999998,0.9400826446280982,910,882,58,1792
pruned_recovered,OpenVINO,INT8,0.313,0.6610969851071556,0.5098039215686272,0.9400826446280982,910,875,58,1785
pruned_recovered,OpenVINO,INT8,0.314,0.6630236794171218,0.5120990433314573,0.9400826446280982,910,867,58,1777
pruned_recovered,OpenVINO,INT8,0.315,0.6639912440715066,0.5132543711223911,0.9400826446280982,910,863,58,1773
pruned_recovered,OpenVINO,INT8,0.316,0.6649597659107532,0.5147225368063417,0.9390495867768583,909,857,59,1766
pruned_recovered,OpenVINO,INT8,0.317,0.6671559633027521,0.5173591348890151,0.9390495867768583,909,848,59,1757
pruned_recovered,OpenVINO,INT8,0.318,0.6681367144432192,0.518539646320593,0.9390495867768583,909,844,59,1753
pruned_recovered,OpenVINO,INT8,0.319,0.66986351899668,0.5209409064830749,0.9380165289256188,908,835,60,1743
pruned_recovered,OpenVINO,INT8,0.32,0.6706056129985226,0.5218390804597698,0.9380165289256188,908,832,60,1740
pruned_recovered,OpenVINO,INT8,0.321,0.6730911786508522,0.5248554913294795,0.9380165289256188,908,822,60,1730
pruned_recovered,OpenVINO,INT8,0.322,0.6748420661464137,0.5269878119558906,0.9380165289256188,908,815,60,1723
pruned_recovered,OpenVINO,INT8,0.323,0.6766020864381518,0.5291375291375289,0.9380165289256188,908,808,60,1716
pruned_recovered,OpenVINO,INT8,0.324,0.6776119402985072,0.5303738317757006,0.9380165289256188,908,804,60,1712
pruned_recovered,OpenVINO,INT8,0.325,0.6791323859386684,0.532239155920281,0.9380165289256188,908,798,60,1706
pruned_recovered,OpenVINO,INT8,0.326,0.6814425244177308,0.535419126328217,0.9369834710743792,907,787,61,1694
pruned_recovered,OpenVINO,INT8,0.327,0.6837542404824725,0.5382789317507416,0.9369834710743792,907,778,61,1685
pruned_recovered,OpenVINO,INT8,0.328,0.6847867119667796,0.5395597858417606,0.9369834710743792,907,774,61,1681
pruned_recovered,OpenVINO,INT8,0.329,0.6860816944024203,0.5411694510739854,0.9369834710743792,907,769,61,1676
pruned_recovered,OpenVINO,INT8,0.33,0.6871444823663251,0.5428400239664467,0.9359504132231397,906,763,62,1669
pruned_recovered,OpenVINO,INT8,0.331,0.6884498480243159,0.5444711538461535,0.9359504132231397,906,758,62,1664
pruned_recovered,OpenVINO,INT8,0.332,0.6905487804878047,0.547101449275362,0.9359504132231397,906,750,62,1656
pruned_recovered,OpenVINO,INT8,0.333,0.6921313980137507,0.5490909090909087,0.9359504132231397,906,744,62,1650
pruned_recovered,OpenVINO,INT8,0.334,0.6929254302103248,0.5500910746812383,0.9359504132231397,906,741,62,1647
pruned_recovered,OpenVINO,INT8,0.335,0.6942528735632182,0.5517661388550545,0.9359504132231397,906,736,62,1642
pruned_recovered,OpenVINO,INT8,0.336,0.6961198616980405,0.5541284403669722,0.9359504132231397,906,729,62,1635
pruned_recovered,OpenVINO,INT8,0.337,0.6971912273951517,0.5554874310239114,0.9359504132231397,906,725,62,1631
pruned_recovered,OpenVINO,INT8,0.338,0.6974951830443158,0.5562384757221878,0.9349173553718998,905,722,63,1627
pruned_recovered,OpenVINO,INT8,0.339,0.6985719799305286,0.5576093653727662,0.9349173553718998,905,718,63,1623
pruned_recovered,OpenVINO,INT8,0.34,0.699419729206963,0.5590599876314158,0.9338842975206602,904,713,64,1617
pruned_recovered,OpenVINO,INT8,0.341,0.7029548989113528,0.5635910224438899,0.9338842975206602,904,700,64,1604
pruned_recovered,OpenVINO,INT8,0.342,0.7051932838734867,0.5668549905838038,0.9328512396694204,903,690,65,1593
pruned_recovered,OpenVINO,INT8,0.343,0.7068493150684929,0.5689981096408314,0.9328512396694204,903,684,65,1587
pruned_recovered,OpenVINO,INT8,0.344,0.7087912087912085,0.5715189873417719,0.9328512396694204,903,677,65,1580
pruned_recovered,OpenVINO,INT8,0.345,0.7099056603773582,0.5729695431472078,0.9328512396694204,903,673,65,1576
pruned_recovered,OpenVINO,INT8,0.346,0.7107438016528923,0.5740623013350282,0.9328512396694204,903,670,65,1573
pruned_recovered,OpenVINO,INT8,0.347,0.7127071823204417,0.5766283524904211,0.9328512396694204,903,663,65,1566
pruned_recovered,OpenVINO,INT8,0.348,0.7143987341772149,0.5788461538461535,0.9328512396694204,903,657,65,1560
pruned_recovered,OpenVINO,INT8,0.349,0.7158145065398333,0.5807073954983919,0.9328512396694204,903,652,65,1555
pruned_recovered,OpenVINO,INT8,0.35,0.7159316646801746,0.5816655907036794,0.9307851239669412,901,648,67,1549
pruned_recovered,OpenVINO,INT8,0.351,0.7167859984089099,0.5827943078913321,0.9307851239669412,901,645,67,1546
pruned_recovered,OpenVINO,INT8,0.352,0.7182144280589874,0.5846852693056453,0.9307851239669412,901,640,67,1541
pruned_recovered,OpenVINO,INT8,0.353,0.7185628742514968,0.585556278464541,0.9297520661157016,900,637,68,1537
pruned_recovered,OpenVINO,INT8,0.354,0.7202881152460981,0.5878510777269755,0.9297520661157016,900,631,68,1531
pruned_recovered,OpenVINO,INT8,0.355,0.7214428857715428,0.5893909626719054,0.9297520661157016,900,627,68,1527
pruned_recovered,OpenVINO,INT8,0.356,0.722601364913689,0.5909389363099143,0.9297520661157016,900,623,68,1523
pruned_recovered,OpenVINO,INT8,0.357,0.724415793714746,0.5937912813738437,0.928719008264462,899,615,69,1514
pruned_recovered,OpenVINO,INT8,0.358,0.7258780783205487,0.5957587806494363,0.928719008264462,899,610,69,1509
pruned_recovered,OpenVINO,INT8,0.359,0.7265372168284787,0.597074468085106,0.927685950413222,898,606,70,1504
pruned_recovered,OpenVINO,INT8,0.36,0.7277890466531437,0.5991983967935868,0.9266528925619824,897,600,71,1497
pruned_recovered,OpenVINO,INT8,0.361,0.7295648637657581,0.6016096579476857,0.9266528925619824,897,594,71,1491
pruned_recovered,OpenVINO,INT8,0.362,0.731051344743276,0.6036339165545084,0.9266528925619824,897,589,71,1486
pruned_recovered,OpenVINO,INT8,0.363,0.7319461444308443,0.6048550236008088,0.9266528925619824,897,586,71,1483
pruned_recovered,OpenVINO,INT8,0.364,0.7331426236207599,0.606490872210953,0.9266528925619824,897,582,71,1479
pruned_recovered,OpenVINO,INT8,0.365,0.7332242225859245,0.6070460704607042,0.9256198347107428,896,580,72,1476
pruned_recovered,OpenVINO,INT8,0.366,0.7341253584596474,0.608282416836388,0.9256198347107428,896,577,72,1473
pruned_recovered,OpenVINO,INT8,0.367,0.7359342915811086,0.6107702794819355,0.9256198347107428,896,571,72,1467
pruned_recovered,OpenVINO,INT8,0.368,0.7380560131795714,0.6136986301369859,0.9256198347107428,896,564,72,1460
pruned_recovered,OpenVINO,INT8,0.369,0.7389690721649482,0.6149622512010977,0.9256198347107428,896,561,72,1457
pruned_recovered,OpenVINO,INT8,0.37,0.7401900041305243,0.6166551961459046,0.9256198347107428,896,557,72,1453
pruned_recovered,OpenVINO,INT8,0.371,0.7414149772445178,0.618357487922705,0.9256198347107428,896,553,72,1449
pruned_recovered,OpenVINO,INT8,0.372,0.7426440116038124,0.6200692041522488,0.9256198347107428,896,549,72,1445
pruned_recovered,OpenVINO,INT8,0.373,0.7439733998337487,0.6223922114047284,0.9245867768595032,895,543,73,1438
pruned_recovered,OpenVINO,INT8,0.374,0.7449999999999997,0.6243016759776532,0.9235537190082634,894,538,74,1432
pruned_recovered,OpenVINO,INT8,0.375,0.7457202505219204,0.625788367203924,0.9225206611570238,893,534,75,1427
pruned_recovered,OpenVINO,INT8,0.376,0.7456066945606692,0.6265822784810122,0.9204545454545444,891,531,77,1422
pruned_recovered,OpenVINO,INT8,0.377,0.7465437788018431,0.6279069767441856,0.9204545454545444,891,528,77,1419
pruned_recovered,OpenVINO,INT8,0.378,0.7474832214765098,0.6292372881355928,0.9204545454545444,891,525,77,1416
pruned_recovered,OpenVINO,INT8,0.379,0.7482135350987807,0.630758327427356,0.9194214876033048,890,521,78,1411
pruned_recovered,OpenVINO,INT8,0.38,0.7485281749369215,0.6312056737588648,0.9194214876033048,890,520,78,1410
pruned_recovered,OpenVINO,INT8,0.381,0.7504215851602021,0.6339031339031335,0.9194214876033048,890,514,78,1404
pruned_recovered,OpenVINO,INT8,0.382,0.7523245984784444,0.6366237482117306,0.9194214876033048,890,508,78,1398
pruned_recovered,OpenVINO,INT8,0.383,0.752751905165114,0.6377331420373024,0.9183884297520652,889,505,79,1394
pruned_recovered,OpenVINO,INT8,0.384,0.7537091988130561,0.6391085549964051,0.9183884297520652,889,502,79,1391
pruned_recovered,OpenVINO,INT8,0.385,0.7546689303904921,0.6404899135446682,0.9183884297520652,889,499,79,1388
pruned_recovered,OpenVINO,INT8,0.386,0.7556311092222692,0.6418772563176891,0.9183884297520652,889,496,79,1385
pruned_recovered,OpenVINO,INT8,0.387,0.757562846186621,0.6446700507614209,0.9183884297520652,889,490,79,1379
pruned_recovered,OpenVINO,INT8,0.388,0.7573560767590616,0.6448801742919386,0.9173553719008256,888,489,80,1377
pruned_recovered,OpenVINO,INT8,0.389,0.7583262169086248,0.6462882096069865,0.9173553719008256,888,486,80,1374
pruned_recovered,OpenVINO,INT8,0.39,0.7589743589743587,0.647230320699708,0.9173553719008256,888,484,80,1372
pruned_recovered,OpenVINO,INT8,0.391,0.7592988456605384,0.6477024070021877,0.9173553719008256,888,483,80,1371
pruned_recovered,OpenVINO,INT8,0.392,0.7605995717344751,0.6495976591075343,0.9173553719008256,888,479,80,1367
pruned_recovered,OpenVINO,INT8,0.393,0.7615780445969123,0.6510263929618764,0.9173553719008256,888,476,80,1364
pruned_recovered,OpenVINO,INT8,0.394,0.7623549634722816,0.6526857983811621,0.916322314049586,887,472,81,1359
pruned_recovered,OpenVINO,INT8,0.395,0.7630107526881718,0.6536477523949885,0.916322314049586,887,470,81,1357
pruned_recovered,OpenVINO,INT8,0.396,0.7649849072876237,0.656550703182827,0.916322314049586,887,464,81,1351
pruned_recovered,OpenVINO,INT8,0.397,0.7656452309020282,0.6575240919199402,0.916322314049586,887,462,81,1349
pruned_recovered,OpenVINO,INT8,0.398,0.7677642980935873,0.6611940298507458,0.915289256198346,886,454,82,1340
pruned_recovered,OpenVINO,INT8,0.399,0.767562879444926,0.6614349775784749,0.9142561983471064,885,453,83,1338
pruned_recovered,OpenVINO,INT8,0.4,0.76889661164205,0.6634182908545723,0.9142561983471064,885,449,83,1334
pruned_recovered,OpenVINO,INT8,0.401,0.769565217391304,0.664414414414414,0.9142561983471064,885,447,83,1332
pruned_recovered,OpenVINO,INT8,0.402,0.7679582063561163,0.6636568848758461,0.9111570247933874,882,447,86,1329
pruned_recovered,OpenVINO,INT8,0.403,0.7686274509803919,0.6646571213262995,0.9111570247933874,882,445,86,1327
pruned_recovered,OpenVINO,INT8,0.404,0.769969445656918,0.6666666666666662,0.9111570247933874,882,441,86,1323
pruned_recovered,OpenVINO,INT8,0.405,0.769768457841852,0.6669190007570018,0.9101239669421478,881,440,87,1321
pruned_recovered,OpenVINO,INT8,0.406,0.7702407002188181,0.6681852695520117,0.9090909090909082,880,437,88,1317
pruned_recovered,OpenVINO,INT8,0.407,0.7712532865907096,0.6697108066971076,0.9090909090909082,880,434,88,1314
pruned_recovered,OpenVINO,INT8,0.408,0.7729468599033813,0.6722689075630247,0.9090909090909082,880,429,88,1309
pruned_recovered,OpenVINO,INT8,0.409,0.7743070831500217,0.6743295019157084,0.9090909090909082,880,425,88,1305
pruned_recovered,OpenVINO,INT8,0.41,0.7746478873239434,0.6748466257668707,0.9090909090909082,880,424,88,1304
pruned_recovered,OpenVINO,INT8,0.411,0.7746478873239434,0.6748466257668707,0.9090909090909082,880,424,88,1304
pruned_recovered,OpenVINO,INT8,0.412,0.7758164165931153,0.6771956856702614,0.9080578512396684,879,419,89,1298
pruned_recovered,OpenVINO,INT8,0.413,0.7768448961555454,0.6787644787644783,0.9080578512396684,879,416,89,1295
pruned_recovered,OpenVINO,INT8,0.414,0.7778761061946899,0.6803405572755413,0.9080578512396684,879,413,89,1292
pruned_recovered,OpenVINO,INT8,0.415,0.7796008869179598,0.6829836829836825,0.9080578512396684,879,408,89,1287
pruned_recovered,OpenVINO,INT8,0.416,0.780292942743009,0.6840466926070035,0.9080578512396684,879,406,89,1285
pruned_recovered,OpenVINO,INT8,0.417,0.7811387900355868,0.6859374999999995,0.9070247933884288,878,402,90,1280
pruned_recovered,OpenVINO,INT8,0.418,0.7816399286987519,0.6873040752351093,0.9059917355371891,877,399,91,1276
pruned_recovered,OpenVINO,INT8,0.419,0.7819884083816314,0.6878431372549014,0.9059917355371891,877,398,91,1275
pruned_recovered,OpenVINO,INT8,0.42,0.7823371989295269,0.6883830455259021,0.9059917355371891,877,397,91,1274
pruned_recovered,OpenVINO,INT8,0.421,0.7823371989295269,0.6883830455259021,0.9059917355371891,877,397,91,1274
pruned_recovered,OpenVINO,INT8,0.422,0.7847874720357939,0.6921862667719016,0.9059917355371891,877,390,91,1267
pruned_recovered,OpenVINO,INT8,0.423,0.7865470852017934,0.6949286846275747,0.9059917355371891,877,385,91,1262
pruned_recovered,OpenVINO,INT8,0.424,0.7865470852017934,0.6949286846275747,0.9059917355371891,877,385,91,1262
pruned_recovered,OpenVINO,INT8,0.425,0.7879604672057499,0.6971383147853731,0.9059917355371891,877,381,91,1258
pruned_recovered,OpenVINO,INT8,0.426,0.7881241565452088,0.6980079681274896,0.9049586776859496,876,379,92,1255
pruned_recovered,OpenVINO,INT8,0.427,0.7888338586222419,0.6991221069433354,0.9049586776859496,876,377,92,1253
pruned_recovered,OpenVINO,INT8,0.428,0.7899008115419294,0.7007999999999995,0.9049586776859496,876,374,92,1250
pruned_recovered,OpenVINO,INT8,0.429,0.7900677200902931,0.7016840417000797,0.9039256198347098,875,372,93,1247
pruned_recovered,OpenVINO,INT8,0.43,0.7907817442385898,0.7028112449799192,0.9039256198347098,875,370,93,1245
pruned_recovered,OpenVINO,INT8,0.431,0.7907817442385898,0.7028112449799192,0.9039256198347098,875,370,93,1245
pruned_recovered,OpenVINO,INT8,0.432,0.7914970601537763,0.7039420756234911,0.9039256198347098,875,368,93,1243
pruned_recovered,OpenVINO,INT8,0.433,0.7918552036199091,0.7045088566827692,0.9039256198347098,875,367,93,1242
pruned_recovered,OpenVINO,INT8,0.434,0.7931034482758618,0.707119741100323,0.90289256198347,874,362,94,1236
pruned_recovered,OpenVINO,INT8,0.435,0.7938237965485918,0.7082658022690432,0.90289256198347,874,360,94,1234
pruned_recovered,OpenVINO,INT8,0.436,0.7938237965485918,0.7082658022690432,0.90289256198347,874,360,94,1234
pruned_recovered,OpenVINO,INT8,0.437,0.7941844616083595,0.7088402270884018,0.90289256198347,874,359,94,1233
pruned_recovered,OpenVINO,INT8,0.438,0.7945454545454542,0.7094155844155839,0.90289256198347,874,358,94,1232
pruned_recovered,OpenVINO,INT8,0.439,0.7943585077343036,0.7097560975609751,0.9018595041322304,873,357,95,1230
pruned_recovered,OpenVINO,INT8,0.44,0.7947200728265814,0.7103336045565495,0.9018595041322304,873,356,95,1229
pruned_recovered,OpenVINO,INT8,0.441,0.7954441913439633,0.7114914425427867,0.9018595041322304,873,354,95,1227
pruned_recovered,OpenVINO,INT8,0.442,0.7961696306429545,0.7126530612244892,0.9018595041322304,873,352,95,1225
pruned_recovered,OpenVINO,INT8,0.443,0.7968963943404834,0.7138184791496315,0.9018595041322304,873,350,95,1223
pruned_recovered,OpenVINO,INT8,0.444,0.797439414723365,0.7153404429860536,0.9008264462809908,872,347,96,1219
pruned_recovered,OpenVINO,INT8,0.445,0.7985347985347983,0.7171052631578942,0.9008264462809908,872,344,96,1216
pruned_recovered,OpenVINO,INT8,0.446,0.7989005955107646,0.7176954732510282,0.9008264462809908,872,343,96,1215
pruned_recovered,OpenVINO,INT8,0.447,0.7994492886645247,0.7192402972749788,0.8997933884297511,871,340,97,1211
pruned_recovered,OpenVINO,INT8,0.448,0.8001837390904911,0.7204301075268812,0.8997933884297511,871,338,97,1209
pruned_recovered,OpenVINO,INT8,0.449,0.8012879484820604,0.7222222222222217,0.8997933884297511,871,335,97,1206
pruned_recovered,OpenVINO,INT8,0.45,0.8014739751266694,0.7231920199501242,0.8987603305785115,870,333,98,1203
pruned_recovered,OpenVINO,INT8,0.451,0.802583025830258,0.7249999999999994,0.8987603305785115,870,330,98,1200
pruned_recovered,OpenVINO,INT8,0.452,0.8033240997229913,0.7262103505843066,0.8987603305785115,870,328,98,1198
pruned_recovered,OpenVINO,INT8,0.453,0.8048103607770579,0.7286432160804015,0.8987603305785115,870,324,98,1194
pruned_recovered,OpenVINO,INT8,0.454,0.8055555555555552,0.72986577181208,0.8987603305785115,870,322,98,1192
pruned_recovered,OpenVINO,INT8,0.455,0.8063021316033361,0.7310924369747893,0.8987603305785115,870,320,98,1190
pruned_recovered,OpenVINO,INT8,0.456,0.8074245939675171,0.7329401853411958,0.8987603305785115,870,317,98,1187
pruned_recovered,OpenVINO,INT8,0.457,0.8072457036692983,0.7333333333333327,0.8977272727272718,869,316,99,1185
pruned_recovered,OpenVINO,INT8,0.458,0.8079962807996277,0.7345731191885032,0.8977272727272718,869,314,99,1183
pruned_recovered,OpenVINO,INT8,0.459,0.8093240093240089,0.7374681393372976,0.8966942148760321,868,309,100,1177
pruned_recovered,OpenVINO,INT8,0.46,0.810457516339869,0.7393526405451443,0.8966942148760321,868,306,100,1174
pruned_recovered,OpenVINO,INT8,0.461,0.8115942028985503,0.7412467976088807,0.8966942148760321,868,303,100,1171
pruned_recovered,OpenVINO,INT8,0.462,0.812939521800281,0.7442060085836905,0.8956611570247924,867,298,101,1165
pruned_recovered,OpenVINO,INT8,0.463,0.8123827392120072,0.7439862542955321,0.8946280991735528,866,298,102,1164
pruned_recovered,OpenVINO,INT8,0.464,0.8123827392120072,0.7439862542955321,0.8946280991735528,866,298,102,1164
pruned_recovered,OpenVINO,INT8,0.465,0.8125880695162044,0.7450473729543491,0.8935950413223132,865,296,103,1161
pruned_recovered,OpenVINO,INT8,0.466,0.8129699248120297,0.7456896551724133,0.8935950413223132,865,295,103,1160
pruned_recovered,OpenVINO,INT8,0.467,0.8141176470588232,0.7476231633534999,0.8935950413223132,865,292,103,1157
pruned_recovered,OpenVINO,INT8,0.468,0.8152686145146085,0.7495667244367412,0.8935950413223132,865,289,103,1154
pruned_recovered,OpenVINO,INT8,0.469,0.8160377358490563,0.7508680555555549,0.8935950413223132,865,287,103,1152
pruned_recovered,OpenVINO,INT8,0.47,0.8162494095418041,0.7519582245430804,0.8925619834710734,864,285,104,1149
pruned_recovered,OpenVINO,INT8,0.471,0.8176219801042156,0.7550306211723529,0.8915289256198338,863,280,105,1143
pruned_recovered,OpenVINO,INT8,0.472,0.8174490279753435,0.755477651183172,0.8904958677685941,862,279,106,1141
pruned_recovered,OpenVINO,INT8,0.473,0.8178368121442122,0.7561403508771923,0.8904958677685941,862,278,106,1140
pruned_recovered,OpenVINO,INT8,0.474,0.8193916349809882,0.7588028169014078,0.8904958677685941,862,274,106,1136
pruned_recovered,OpenVINO,INT8,0.475,0.8193916349809882,0.7588028169014078,0.8904958677685941,862,274,106,1136
pruned_recovered,OpenVINO,INT8,0.476,0.8188302425106987,0.7585903083700435,0.8894628099173544,861,274,107,1135
pruned_recovered,OpenVINO,INT8,0.477,0.8196097096620654,0.7599293909973516,0.8894628099173544,861,272,107,1133
pruned_recovered,OpenVINO,INT8,0.478,0.8196097096620654,0.7599293909973516,0.8894628099173544,861,272,107,1133
pruned_recovered,OpenVINO,INT8,0.479,0.8207816968541465,0.7619469026548666,0.8894628099173544,861,269,107,1130
pruned_recovered,OpenVINO,INT8,0.48,0.8207816968541465,0.7619469026548666,0.8894628099173544,861,269,107,1130
pruned_recovered,OpenVINO,INT8,0.481,0.8215648854961829,0.7632978723404249,0.8894628099173544,861,267,107,1128
pruned_recovered,OpenVINO,INT8,0.482,0.8217869087434301,0.7644444444444438,0.8884297520661147,860,265,108,1125
pruned_recovered,OpenVINO,INT8,0.483,0.8212237093690244,0.7642348754448393,0.8873966942148751,859,265,109,1124
pruned_recovered,OpenVINO,INT8,0.484,0.8216164514586318,0.7649154051647367,0.8873966942148751,859,264,109,1123
pruned_recovered,OpenVINO,INT8,0.485,0.8224030636668259,0.7662801070472786,0.8873966942148751,859,262,109,1121
pruned_recovered,OpenVINO,INT8,0.486,0.8232468780019209,0.7692998204667857,0.8853305785123957,857,257,111,1114
pruned_recovered,OpenVINO,INT8,0.487,0.8244348244348241,0.7713771377137707,0.8853305785123957,857,254,111,1111
pruned_recovered,OpenVINO,INT8,0.488,0.8244937319189968,0.7730560578661838,0.8832644628099164,855,251,113,1106
pruned_recovered,OpenVINO,INT8,0.489,0.8252895752895749,0.7744565217391298,0.8832644628099164,855,249,113,1104
pruned_recovered,OpenVINO,INT8,0.49,0.8247223563495892,0.7742520398912052,0.8822314049586768,854,249,114,1103
pruned_recovered,OpenVINO,INT8,0.491,0.8251207729468596,0.7749546279491827,0.8822314049586768,854,248,114,1102
pruned_recovered,OpenVINO,INT8,0.492,0.8259187620889745,0.7763636363636357,0.8822314049586768,854,246,114,1100
pruned_recovered,OpenVINO,INT8,0.493,0.8263183357522976,0.7770700636942669,0.8822314049586768,854,245,114,1099
pruned_recovered,OpenVINO,INT8,0.494,0.8261501210653749,0.7775752051048307,0.881198347107437,853,244,115,1097
pruned_recovered,OpenVINO,INT8,0.495,0.8255813953488369,0.777372262773722,0.8801652892561974,852,244,116,1096
pruned_recovered,OpenVINO,INT8,0.496,0.8255813953488369,0.777372262773722,0.8801652892561974,852,244,116,1096
pruned_recovered,OpenVINO,INT8,0.497,0.8259815802229759,0.7780821917808213,0.8801652892561974,852,243,116,1095
pruned_recovered,OpenVINO,INT8,0.498,0.8248423095584664,0.7776761207685263,0.878099173553718,850,243,118,1093
pruned_recovered,OpenVINO,INT8,0.499,0.8260447035957237,0.7798165137614672,0.878099173553718,850,240,118,1090
pruned_recovered,OpenVINO,INT8,0.5,0.8260447035957237,0.7798165137614672,0.878099173553718,850,240,118,1090
pruned_recovered,OpenVINO,INT8,0.501,0.8260447035957237,0.7798165137614672,0.878099173553718,850,240,118,1090
pruned_recovered,OpenVINO,INT8,0.502,0.8260447035957237,0.7798165137614672,0.878099173553718,850,240,118,1090
pruned_recovered,OpenVINO,INT8,0.503,0.8276533592989286,0.7826887661141798,0.878099173553718,850,236,118,1086
pruned_recovered,OpenVINO,INT8,0.504,0.8284600389863545,0.7841328413284127,0.878099173553718,850,234,118,1084
pruned_recovered,OpenVINO,INT8,0.505,0.8292682926829265,0.7855822550831786,0.878099173553718,850,232,118,1082
pruned_recovered,OpenVINO,INT8,0.506,0.8295065950170978,0.7868396663577379,0.8770661157024784,849,230,119,1079
pruned_recovered,OpenVINO,INT8,0.507,0.8307240704500974,0.7890334572490699,0.8770661157024784,849,227,119,1076
pruned_recovered,OpenVINO,INT8,0.508,0.830151737640724,0.7888372093023249,0.8760330578512388,848,227,120,1075
pruned_recovered,OpenVINO,INT8,0.509,0.830151737640724,0.7888372093023249,0.8760330578512388,848,227,120,1075
pruned_recovered,OpenVINO,INT8,0.51,0.8295788442703228,0.788640595903165,0.8749999999999991,847,227,121,1074
pruned_recovered,OpenVINO,INT8,0.511,0.8299853013228806,0.7893755824790301,0.8749999999999991,847,226,121,1073
pruned_recovered,OpenVINO,INT8,0.512,0.8306332842415313,0.791393826005612,0.8739669421487594,846,223,122,1069
pruned_recovered,OpenVINO,INT8,0.513,0.8310412573673867,0.7921348314606734,0.8739669421487594,846,222,122,1068
pruned_recovered,OpenVINO,INT8,0.514,0.8314496314496311,0.7928772258669159,0.8739669421487594,846,221,122,1067
pruned_recovered,OpenVINO,INT8,0.515,0.8303000491883912,0.7924882629107974,0.8719008264462801,844,221,124,1065
pruned_recovered,OpenVINO,INT8,0.516,0.8305418719211819,0.7937853107344626,0.8708677685950404,843,219,125,1062
pruned_recovered,OpenVINO,INT8,0.517,0.830617283950617,0.7956480605487222,0.8688016528925611,841,216,127,1057
pruned_recovered,OpenVINO,INT8,0.518,0.8310276679841894,0.7964015151515145,0.8688016528925611,841,215,127,1056
pruned_recovered,OpenVINO,INT8,0.519,0.8316831683168313,0.7984790874524708,0.8677685950413214,840,212,128,1052
pruned_recovered,OpenVINO,INT8,0.52,0.8333333333333329,0.8015267175572512,0.8677685950413214,840,208,128,1048
pruned_recovered,OpenVINO,INT8,0.521,0.833746898263027,0.8022922636103145,0.8677685950413214,840,207,128,1047
pruned_recovered,OpenVINO,INT8,0.522,0.833746898263027,0.8022922636103145,0.8677685950413214,840,207,128,1047
pruned_recovered,OpenVINO,INT8,0.523,0.8341608738828199,0.8030592734225614,0.8677685950413214,840,206,128,1046
pruned_recovered,OpenVINO,INT8,0.524,0.8341608738828199,0.8030592734225614,0.8677685950413214,840,206,128,1046
pruned_recovered,OpenVINO,INT8,0.525,0.8345752608047686,0.8038277511961716,0.8677685950413214,840,205,128,1045
pruned_recovered,OpenVINO,INT8,0.526,0.8352414136386258,0.8059558117194998,0.8667355371900818,839,202,129,1041
pruned_recovered,OpenVINO,INT8,0.527,0.8352414136386258,0.8059558117194998,0.8667355371900818,839,202,129,1041
pruned_recovered,OpenVINO,INT8,0.528,0.8346613545816729,0.80576923076923,0.865702479338842,838,202,130,1040
pruned_recovered,OpenVINO,INT8,0.529,0.8339152119700745,0.8061716489874632,0.8636363636363628,836,201,132,1037
pruned_recovered,OpenVINO,INT8,0.53,0.8343313373253489,0.8069498069498062,0.8636363636363628,836,200,132,1036
pruned_recovered,OpenVINO,INT8,0.531,0.8341658341658338,0.8075435203094771,0.862603305785123,835,199,133,1034
pruned_recovered,OpenVINO,INT8,0.532,0.8345827086456767,0.8083252662149073,0.862603305785123,835,198,133,1033
pruned_recovered,OpenVINO,INT8,0.533,0.8348348348348344,0.8097087378640769,0.8615702479338834,834,196,134,1030
pruned_recovered,OpenVINO,INT8,0.534,0.8355065195586756,0.811890838206627,0.8605371900826437,833,193,135,1026
pruned_recovered,OpenVINO,INT8,0.535,0.8341708542713564,0.8121330724070442,0.8574380165289247,830,192,138,1022
pruned_recovered,OpenVINO,INT8,0.536,0.8345902463549518,0.8129285014691471,0.8574380165289247,830,191,138,1021
pruned_recovered,OpenVINO,INT8,0.537,0.8350100603621726,0.8137254901960776,0.8574380165289247,830,190,138,1020
pruned_recovered,OpenVINO,INT8,0.538,0.8350100603621726,0.8137254901960776,0.8574380165289247,830,190,138,1020
pruned_recovered,OpenVINO,INT8,0.539,0.8350983358547651,0.8157635467980288,0.8553719008264454,828,187,140,1015
pruned_recovered,OpenVINO,INT8,0.54,0.8357756442647798,0.8180019782393662,0.8543388429752057,827,184,141,1011
pruned_recovered,OpenVINO,INT8,0.541,0.8366211431461807,0.8196233894945483,0.8543388429752057,827,182,141,1009
pruned_recovered,OpenVINO,INT8,0.542,0.8348530901722387,0.8190854870775339,0.8512396694214867,824,182,144,1006
pruned_recovered,OpenVINO,INT8,0.543,0.8349415947181307,0.8211788211788204,0.8491735537190074,822,179,146,1001
pruned_recovered,OpenVINO,INT8,0.544,0.8353658536585362,0.8219999999999992,0.8491735537190074,822,178,146,1000
pruned_recovered,OpenVINO,INT8,0.545,0.8353658536585362,0.8219999999999992,0.8491735537190074,822,178,146,1000
pruned_recovered,OpenVINO,INT8,0.546,0.8362156663275683,0.8236472945891775,0.8491735537190074,822,176,146,998
pruned_recovered,OpenVINO,INT8,0.547,0.8350305498981666,0.8232931726907622,0.847107438016528,820,176,148,996
pruned_recovered,OpenVINO,INT8,0.548,0.8354559347936827,0.8241206030150745,0.847107438016528,820,175,148,995
pruned_recovered,OpenVINO,INT8,0.549,0.8358817533129456,0.824949698189134,0.847107438016528,820,174,148,994
pruned_recovered,OpenVINO,INT8,0.55,0.8371618172537004,0.8274470232088791,0.847107438016528,820,171,148,991
pruned_recovered,OpenVINO,INT8,0.551,0.8371618172537004,0.8274470232088791,0.847107438016528,820,171,148,991
pruned_recovered,OpenVINO,INT8,0.552,0.8375893769152192,0.8282828282828274,0.847107438016528,820,170,148,990
pruned_recovered,OpenVINO,INT8,0.553,0.8380173735309143,0.8291203235591498,0.847107438016528,820,169,148,989
pruned_recovered,OpenVINO,INT8,0.554,0.8384458077709608,0.8299595141700397,0.847107438016528,820,168,148,988
pruned_recovered,OpenVINO,INT8,0.555,0.8376856118791599,0.8304568527918773,0.8450413223140487,818,167,150,985
pruned_recovered,OpenVINO,INT8,0.556,0.8375192209123522,0.8311291963377407,0.8440082644628091,817,166,151,983
pruned_recovered,OpenVINO,INT8,0.557,0.8377823408624226,0.8326530612244889,0.8429752066115693,816,164,152,980
pruned_recovered,OpenVINO,INT8,0.558,0.8386433710174713,0.8343558282208581,0.8429752066115693,816,162,152,978
pruned_recovered,OpenVINO,INT8,0.559,0.8399382398353058,0.836923076923076,0.8429752066115693,816,159,152,975
pruned_recovered,OpenVINO,INT8,0.56,0.8397733127253989,0.8376156217882827,0.8419421487603297,815,158,153,973
pruned_recovered,OpenVINO,INT8,0.561,0.8388429752066112,0.8388429752066107,0.8388429752066107,812,156,156,968
pruned_recovered,OpenVINO,INT8,0.562,0.8386763185108579,0.8395445134575561,0.837809917355371,811,155,157,966
pruned_recovered,OpenVINO,INT8,0.563,0.8386763185108579,0.8395445134575561,0.837809917355371,811,155,157,966
pruned_recovered,OpenVINO,INT8,0.564,0.8393782383419686,0.8419958419958411,0.8367768595041314,810,152,158,962
pruned_recovered,OpenVINO,INT8,0.565,0.8402489626556012,0.8437499999999991,0.8367768595041314,810,150,158,960
pruned_recovered,OpenVINO,INT8,0.566,0.8390446521287639,0.8434237995824626,0.834710743801652,808,150,160,958
pruned_recovered,OpenVINO,INT8,0.567,0.8372334893395732,0.8429319371727739,0.831611570247933,805,150,163,955
pruned_recovered,OpenVINO,INT8,0.568,0.836628511966701,0.8427672955974834,0.8305785123966933,804,150,164,954
pruned_recovered,OpenVINO,INT8,0.569,0.8379364252214692,0.8454258675078855,0.8305785123966933,804,147,164,951
pruned_recovered,OpenVINO,INT8,0.57,0.8375979112271537,0.8468848996832092,0.828512396694214,802,145,166,947
pruned_recovered,OpenVINO,INT8,0.571,0.8380355276906997,0.8477801268498933,0.828512396694214,802,144,166,946
pruned_recovered,OpenVINO,INT8,0.572,0.8380355276906997,0.8477801268498933,0.828512396694214,802,144,166,946
pruned_recovered,OpenVINO,INT8,0.573,0.8378661087866105,0.8485169491525415,0.8274793388429743,801,143,167,944
pruned_recovered,OpenVINO,INT8,0.574,0.836306400839454,0.849680170575692,0.8233471074380156,797,141,171,938
pruned_recovered,OpenVINO,INT8,0.575,0.8361344537815122,0.8504273504273495,0.822314049586776,796,140,172,936
pruned_recovered,OpenVINO,INT8,0.576,0.8361344537815122,0.8504273504273495,0.822314049586776,796,140,172,936
pruned_recovered,OpenVINO,INT8,0.577,0.8347368421052628,0.8508583690987115,0.819214876033057,793,139,175,932
pruned_recovered,OpenVINO,INT8,0.578,0.835616438356164,0.8526881720430098,0.819214876033057,793,137,175,930
pruned_recovered,OpenVINO,INT8,0.579,0.8350026357406427,0.8525296017222811,0.8181818181818173,792,137,176,929
pruned_recovered,OpenVINO,INT8,0.58,0.8361522198731497,0.8560606060606051,0.8171487603305776,791,133,177,924
pruned_recovered,OpenVINO,INT8,0.581,0.8359788359788356,0.8568329718004329,0.816115702479338,790,132,178,922
pruned_recovered,OpenVINO,INT8,0.582,0.8364213869772362,0.8577633007600425,0.816115702479338,790,131,178,921
pruned_recovered,OpenVINO,INT8,0.583,0.8358050847457623,0.857608695652173,0.8150826446280983,789,131,179,920
pruned_recovered,OpenVINO,INT8,0.584,0.8343949044585983,0.8580786026200864,0.8119834710743793,786,130,182,916
pruned_recovered,OpenVINO,INT8,0.585,0.8335991493886227,0.8587075575027373,0.8099173553719,784,129,184,913
pruned_recovered,OpenVINO,INT8,0.586,0.8344864289515695,0.8605927552140495,0.8099173553719,784,127,184,911
pruned_recovered,OpenVINO,INT8,0.587,0.8347547974413642,0.8623348017621135,0.8088842975206603,783,125,185,908
pruned_recovered,OpenVINO,INT8,0.588,0.834401709401709,0.8639380530973442,0.806818181818181,781,123,187,904
pruned_recovered,OpenVINO,INT8,0.589,0.8346709470304972,0.8657047724750268,0.8057851239669414,780,121,188,901
pruned_recovered,OpenVINO,INT8,0.59,0.8346709470304972,0.8657047724750268,0.8057851239669414,780,121,188,901
pruned_recovered,OpenVINO,INT8,0.591,0.8338692390139332,0.8663697104677051,0.803719008264462,778,120,190,898
pruned_recovered,OpenVINO,INT8,0.592,0.8336909871244631,0.867187499999999,0.8026859504132223,777,119,191,896
pruned_recovered,OpenVINO,INT8,0.593,0.834138486312399,0.8681564245810046,0.8026859504132223,777,118,191,895
pruned_recovered,OpenVINO,INT8,0.594,0.834138486312399,0.8681564245810046,0.8026859504132223,777,118,191,895
pruned_recovered,OpenVINO,INT8,0.595,0.8335123523093444,0.8680089485458603,0.8016528925619826,776,118,192,894
pruned_recovered,OpenVINO,INT8,0.596,0.8322580645161286,0.8677130044843039,0.7995867768595033,774,118,194,892
pruned_recovered,OpenVINO,INT8,0.597,0.8320775026910653,0.8685393258426957,0.7985537190082637,773,117,195,890
pruned_recovered,OpenVINO,INT8,0.598,0.8323450134770886,0.8703494926719268,0.7975206611570239,772,115,196,887
pruned_recovered,OpenVINO,INT8,0.599,0.8332433890987584,0.8723163841807899,0.7975206611570239,772,113,196,885
pruned_recovered,OpenVINO,INT8,0.6,0.8330632090761746,0.8731596828992062,0.7964876033057843,771,112,197,883
pruned_recovered,OpenVINO,INT8,0.601,0.8305360043313478,0.8725824800910115,0.7923553719008256,767,112,201,879
pruned_recovered,OpenVINO,INT8,0.602,0.8303523035230348,0.8734321550741153,0.791322314049586,766,111,202,877
pruned_recovered,OpenVINO,INT8,0.603,0.8312533912099833,0.8754285714285704,0.791322314049586,766,109,202,875
pruned_recovered,OpenVINO,INT8,0.604,0.828073993471164,0.8747126436781599,0.7861570247933876,761,109,207,870
pruned_recovered,OpenVINO,INT8,0.605,0.827886710239651,0.8755760368663584,0.7851239669421479,760,108,208,868
pruned_recovered,OpenVINO,INT8,0.606,0.8266085059978185,0.8752886836027703,0.7830578512396686,758,108,210,866
pruned_recovered,OpenVINO,INT8,0.607,0.8270594653573373,0.8763005780346811,0.7830578512396686,758,107,210,865
pruned_recovered,OpenVINO,INT8,0.608,0.8275109170305672,0.8773148148148138,0.7830578512396686,758,106,210,864
pruned_recovered,OpenVINO,INT8,0.609,0.8275109170305672,0.8773148148148138,0.7830578512396686,758,106,210,864
pruned_recovered,OpenVINO,INT8,0.61,0.8268705625341339,0.8771726535341821,0.7820247933884289,757,106,211,863
pruned_recovered,OpenVINO,INT8,0.611,0.8266812465828317,0.8780487804878039,0.7809917355371893,756,105,212,861
pruned_recovered,OpenVINO,INT8,0.612,0.8263013698630133,0.8798133022170351,0.7789256198347099,754,103,214,857
pruned_recovered,OpenVINO,INT8,0.613,0.8237232289950572,0.8792497069167633,0.7747933884297512,750,103,218,853
pruned_recovered,OpenVINO,INT8,0.614,0.8222344523940557,0.8798586572438152,0.7716942148760323,747,102,221,849
pruned_recovered,OpenVINO,INT8,0.615,0.8222344523940557,0.8798586572438152,0.7716942148760323,747,102,221,849
pruned_recovered,OpenVINO,INT8,0.616,0.8220385674931125,0.8807556080283342,0.7706611570247925,746,101,222,847
pruned_recovered,OpenVINO,INT8,0.617,0.8218422504136785,0.8816568047337268,0.7696280991735529,745,100,223,845
pruned_recovered,OpenVINO,INT8,0.618,0.8211920529801321,0.881516587677724,0.7685950413223133,744,100,224,844
pruned_recovered,OpenVINO,INT8,0.619,0.8198895027624306,0.8812351543942982,0.7665289256198339,742,100,226,842
pruned_recovered,OpenVINO,INT8,0.62,0.819490586932447,0.8830548926014309,0.7644628099173546,740,98,228,838
pruned_recovered,OpenVINO,INT8,0.621,0.8190899001109874,0.8848920863309342,0.7623966942148752,738,96,230,834
pruned_recovered,OpenVINO,INT8,0.622,0.8158041179744013,0.8841978287092872,0.7572314049586769,733,96,235,829
pruned_recovered,OpenVINO,INT8,0.623,0.8155988857938714,0.8851269649334934,0.7561983471074372,732,95,236,827
pruned_recovered,OpenVINO,INT8,0.624,0.8140703517587936,0.8857837181044946,0.7530991735537182,729,94,239,823
pruned_recovered,OpenVINO,INT8,0.625,0.8134078212290499,0.8856447688564466,0.7520661157024785,728,94,240,822
pruned_recovered,OpenVINO,INT8,0.626,0.8127445500279482,0.8855054811205836,0.7510330578512389,727,94,241,821
pruned_recovered,OpenVINO,INT8,0.627,0.8120805369127513,0.8853658536585355,0.7499999999999992,726,94,242,820
pruned_recovered,OpenVINO,INT8,0.628,0.8123249299719884,0.887392900856792,0.7489669421487596,725,92,243,817
pruned_recovered,OpenVINO,INT8,0.629,0.813026389668725,0.8905289052890518,0.7479338842975198,724,89,244,813
pruned_recovered,OpenVINO,INT8,0.63,0.8126055149127739,0.8924598269468468,0.7458677685950406,722,87,246,809
pruned_recovered,OpenVINO,INT8,0.631,0.8099266779469821,0.8919254658385082,0.7417355371900819,718,87,250,805
pruned_recovered,OpenVINO,INT8,0.632,0.8106274731486711,0.895131086142321,0.7407024793388421,717,84,251,801
pruned_recovered,OpenVINO,INT8,0.633,0.8099547511312213,0.8949999999999989,0.7396694214876025,716,84,252,800
pruned_recovered,OpenVINO,INT8,0.634,0.8097395243488105,0.8959899749373422,0.7386363636363629,715,83,253,798
pruned_recovered,OpenVINO,INT8,0.635,0.8095238095238091,0.8969849246231144,0.7376033057851232,714,82,254,796
pruned_recovered,OpenVINO,INT8,0.636,0.8081725312145285,0.8967254408060442,0.7355371900826438,712,82,256,794
pruned_recovered,OpenVINO,INT8,0.637,0.807954545454545,0.8977272727272716,0.7345041322314042,711,81,257,792
pruned_recovered,OpenVINO,INT8,0.638,0.8065984072810007,0.8974683544303785,0.7324380165289248,709,81,259,790
pruned_recovered,OpenVINO,INT8,0.639,0.805919180421172,0.8973384030418239,0.7314049586776852,708,81,260,789
pruned_recovered,OpenVINO,INT8,0.64,0.8063781321184506,0.8984771573604049,0.7314049586776852,708,80,260,788
pruned_recovered,OpenVINO,INT8,0.641,0.8054763262977748,0.8993630573248396,0.7293388429752058,706,79,262,785
pruned_recovered,OpenVINO,INT8,0.642,0.8050314465408801,0.9014084507042242,0.7272727272727265,704,77,264,781
pruned_recovered,OpenVINO,INT8,0.643,0.8034383954154724,0.902187902187901,0.7241735537190075,701,76,267,777
pruned_recovered,OpenVINO,INT8,0.644,0.803212851405622,0.9032258064516115,0.7231404958677679,700,75,268,775
pruned_recovered,OpenVINO,INT8,0.645,0.803212851405622,0.9032258064516115,0.7231404958677679,700,75,268,775
pruned_recovered,OpenVINO,INT8,0.646,0.8025258323765783,0.9031007751937972,0.7221074380165282,699,75,269,774
pruned_recovered,OpenVINO,INT8,0.647,0.8022988505747122,0.904145077720206,0.7210743801652885,698,74,270,772
pruned_recovered,OpenVINO,INT8,0.648,0.8006912442396309,0.9049479166666654,0.7179752066115694,695,73,273,768
pruned_recovered,OpenVINO,INT8,0.649,0.7997691863819961,0.9058823529411753,0.7159090909090902,693,72,275,765
pruned_recovered,OpenVINO,INT8,0.65,0.7962962962962958,0.9052631578947355,0.7107438016528919,688,72,280,760
pruned_recovered,OpenVINO,INT8,0.651,0.7951247823563548,0.9072847682119192,0.7076446280991728,685,70,283,755
pruned_recovered,OpenVINO,INT8,0.652,0.7923211169284463,0.906790945406124,0.7035123966942142,681,70,287,751
pruned_recovered,OpenVINO,INT8,0.653,0.7920792079207917,0.9078771695594112,0.7024793388429744,680,69,288,749
pruned_recovered,OpenVINO,INT8,0.654,0.7920792079207917,0.9078771695594112,0.7024793388429744,680,69,288,749
pruned_recovered,OpenVINO,INT8,0.655,0.7922987164527417,0.9101876675603204,0.7014462809917348,679,67,289,746
pruned_recovered,OpenVINO,INT8,0.656,0.79135008766803,0.9111709286675628,0.6993801652892555,677,66,291,743
pruned_recovered,OpenVINO,INT8,0.657,0.7896592244418327,0.9155313351498624,0.6942148760330571,672,62,296,734
pruned_recovered,OpenVINO,INT8,0.658,0.7889476778365663,0.9154160982264652,0.6931818181818175,671,62,297,733
pruned_recovered,OpenVINO,INT8,0.659,0.7872716558632877,0.9163237311385448,0.6900826446280984,668,61,300,729
pruned_recovered,OpenVINO,INT8,0.66,0.7870206489675512,0.917469050894084,0.6890495867768588,667,60,301,727
pruned_recovered,OpenVINO,INT8,0.661,0.7848699763593376,0.9171270718232032,0.6859504132231398,664,60,304,724
pruned_recovered,OpenVINO,INT8,0.662,0.7846153846153842,0.918282548476453,0.6849173553719001,663,59,305,722
pruned_recovered,OpenVINO,INT8,0.663,0.7836395969176048,0.9193324061196092,0.6828512396694207,661,58,307,719
pruned_recovered,OpenVINO,INT8,0.664,0.7826603325415673,0.9203910614525128,0.6807851239669415,659,57,309,716
pruned_recovered,OpenVINO,INT8,0.665,0.7809523809523805,0.9213483146067404,0.6776859504132224,656,56,312,712
pruned_recovered,OpenVINO,INT8,0.666,0.7787716159809179,0.9210155148095897,0.6745867768595034,653,56,315,709
pruned_recovered,OpenVINO,INT8,0.667,0.7773134328358204,0.9207920792079196,0.6725206611570241,651,56,317,707
pruned_recovered,OpenVINO,INT8,0.668,0.7758517632994616,0.9205673758865236,0.6704545454545447,649,56,319,705
pruned_recovered,OpenVINO,INT8,0.669,0.77511961722488,0.920454545454544,0.6694214876033051,648,56,320,704
pruned_recovered,OpenVINO,INT8,0.67,0.7748502994011972,0.9216524216524205,0.6683884297520654,647,55,321,702
pruned_recovered,OpenVINO,INT8,0.671,0.771634615384615,0.922413793103447,0.6632231404958671,642,54,326,696
pruned_recovered,OpenVINO,INT8,0.672,0.7701564380264737,0.9221902017291052,0.6611570247933878,640,54,328,694
pruned_recovered,OpenVINO,INT8,0.673,0.7694160144491267,0.9220779220779208,0.660123966942148,639,54,329,693
pruned_recovered,OpenVINO,INT8,0.674,0.7691380349608193,0.9232995658465978,0.6590909090909084,638,53,330,691
pruned_recovered,OpenVINO,INT8,0.675,0.768115942028985,0.9244186046511614,0.657024793388429,636,52,332,688
pruned_recovered,OpenVINO,INT8,0.676,0.768115942028985,0.9244186046511614,0.657024793388429,636,52,332,688
pruned_recovered,OpenVINO,INT8,0.677,0.7663438256658591,0.9254385964912268,0.6539256198347101,633,51,335,684
pruned_recovered,OpenVINO,INT8,0.678,0.763061968408262,0.9262536873156328,0.6487603305785117,628,50,340,678
pruned_recovered,OpenVINO,INT8,0.679,0.7605118829981714,0.9271916790490328,0.644628099173553,624,49,344,673
pruned_recovered,OpenVINO,INT8,0.68,0.758704948075748,0.9282511210762318,0.641528925619834,621,48,347,669
pruned_recovered,OpenVINO,INT8,0.681,0.7571865443425072,0.928035982008994,0.6394628099173547,619,48,349,667
pruned_recovered,OpenVINO,INT8,0.682,0.7556644213104711,0.927819548872179,0.6373966942148753,617,48,351,665
pruned_recovered,OpenVINO,INT8,0.683,0.7550644567219149,0.9304084720121014,0.635330578512396,615,46,353,661
pruned_recovered,OpenVINO,INT8,0.684,0.7539975399753993,0.9316109422492388,0.6332644628099167,613,45,355,658
pruned_recovered,OpenVINO,INT8,0.685,0.7521578298397037,0.9327217125382248,0.6301652892561976,610,44,358,654
pruned_recovered,OpenVINO,INT8,0.686,0.753086419753086,0.935582822085888,0.6301652892561976,610,42,358,652
pruned_recovered,OpenVINO,INT8,0.687,0.7523162445954289,0.9354838709677404,0.629132231404958,609,42,359,651
pruned_recovered,OpenVINO,INT8,0.688,0.7509293680297393,0.9380804953560355,0.626033057851239,606,40,362,646
pruned_recovered,OpenVINO,INT8,0.689,0.7501549907005576,0.9379844961240296,0.6249999999999993,605,40,363,645
pruned_recovered,OpenVINO,INT8,0.69,0.7478260869565213,0.9376947040498428,0.6219008264462803,602,40,366,642
pruned_recovered,OpenVINO,INT8,0.691,0.7454884878655876,0.9374021909233162,0.6188016528925613,599,40,369,639
pruned_recovered,OpenVINO,INT8,0.692,0.7431421446384036,0.9371069182389922,0.6157024793388424,596,40,372,636
pruned_recovered,OpenVINO,INT8,0.693,0.7423580786026197,0.9370078740157464,0.6146694214876026,595,40,373,635
pruned_recovered,OpenVINO,INT8,0.694,0.7396745932415515,0.9380952380952364,0.610537190082644,591,39,377,630
pruned_recovered,OpenVINO,INT8,0.695,0.7393483709273179,0.9394904458598712,0.6095041322314043,590,38,378,628
pruned_recovered,OpenVINO,INT8,0.696,0.7385579937304071,0.939393939393938,0.6084710743801647,589,38,379,627
pruned_recovered,OpenVINO,INT8,0.697,0.7382297551789073,0.9407999999999984,0.6074380165289249,588,37,380,625
pruned_recovered,OpenVINO,INT8,0.698,0.7391577624135759,0.9438202247190997,0.6074380165289249,588,35,380,623
pruned_recovered,OpenVINO,INT8,0.699,0.7372400756143663,0.9450726978998368,0.604338842975206,585,34,383,619
pruned_recovered,OpenVINO,INT8,0.7,0.7353126974099806,0.9463414634146324,0.601239669421487,582,33,386,615
pruned_recovered,OpenVINO,INT8,0.701,0.7345132743362828,0.9462540716612362,0.6002066115702474,581,33,387,614
pruned_recovered,OpenVINO,INT8,0.702,0.7329113924050629,0.9460784313725474,0.598140495867768,579,33,389,612
pruned_recovered,OpenVINO,INT8,0.703,0.7305009511731131,0.9458128078817718,0.5950413223140489,576,33,392,609
pruned_recovered,OpenVINO,INT8,0.704,0.7293519695044468,0.9471947194719456,0.5929752066115697,574,32,394,606
pruned_recovered,OpenVINO,INT8,0.705,0.7285441830896372,0.9471074380165272,0.5919421487603299,573,32,395,605
pruned_recovered,OpenVINO,INT8,0.706,0.7225063938618922,0.9479865771812064,0.5836776859504126,565,31,403,596
pruned_recovered,OpenVINO,INT8,0.707,0.7200512491992308,0.9477234401349056,0.5805785123966936,562,31,406,593
pruned_recovered,OpenVINO,INT8,0.708,0.7184092366901856,0.9475465313028748,0.5785123966942143,560,31,408,591
pruned_recovered,OpenVINO,INT8,0.709,0.7159383033419019,0.9472789115646242,0.5754132231404953,557,31,411,588
pruned_recovered,OpenVINO,INT8,0.71,0.7134578235672887,0.9470085470085452,0.5723140495867762,554,31,414,585
pruned_recovered,OpenVINO,INT8,0.711,0.7101355713363456,0.9466437177280534,0.5681818181818176,550,31,418,581
pruned_recovered,OpenVINO,INT8,0.712,0.7076326002587318,0.9463667820069188,0.5650826446280985,547,31,421,578
pruned_recovered,OpenVINO,INT8,0.713,0.7077122488658454,0.9495652173913026,0.5640495867768589,546,29,422,575
pruned_recovered,OpenVINO,INT8,0.714,0.7064935064935061,0.9510489510489494,0.5619834710743796,544,28,424,572
pruned_recovered,OpenVINO,INT8,0.715,0.7031249999999996,0.950704225352111,0.5578512396694209,540,28,428,568
pruned_recovered,OpenVINO,INT8,0.716,0.7031963470319631,0.953982300884954,0.5568181818181812,539,26,429,565
pruned_recovered,OpenVINO,INT8,0.717,0.7019607843137251,0.9555160142348738,0.5547520661157019,537,25,431,562
pruned_recovered,OpenVINO,INT8,0.718,0.7020301244269805,0.9588550983899804,0.5537190082644622,536,23,432,559
pruned_recovered,OpenVINO,INT8,0.719,0.7007874015748027,0.9604316546762572,0.5516528925619829,534,22,434,556
pruned_recovered,OpenVINO,INT8,0.72,0.6982248520710055,0.96021699819168,0.5485537190082639,531,22,437,553
pruned_recovered,OpenVINO,INT8,0.721,0.6965108624094795,0.960072595281305,0.5464876033057845,529,22,439,551
pruned_recovered,OpenVINO,INT8,0.722,0.6930693069306927,0.9597806215722102,0.5423553719008258,525,22,443,547
pruned_recovered,OpenVINO,INT8,0.723,0.6926635822868469,0.961467889908255,0.5413223140495862,524,21,444,545
pruned_recovered,OpenVINO,INT8,0.724,0.6913907284768208,0.963099630996308,0.5392561983471069,522,20,446,542
pruned_recovered,OpenVINO,INT8,0.725,0.6883720930232554,0.9646182495344487,0.5351239669421481,518,19,450,537
pruned_recovered,OpenVINO,INT8,0.726,0.6866267465069856,0.9644859813084092,0.5330578512396689,516,19,452,535
pruned_recovered,OpenVINO,INT8,0.727,0.6866267465069856,0.9644859813084092,0.5330578512396689,516,19,452,535
pruned_recovered,OpenVINO,INT8,0.728,0.6840347361389442,0.9678638941398848,0.5289256198347102,512,17,456,529
pruned_recovered,OpenVINO,INT8,0.729,0.6831882116543867,0.9714285714285696,0.5268595041322308,510,15,458,525
pruned_recovered,OpenVINO,INT8,0.73,0.6814218645204556,0.971319311663478,0.5247933884297515,508,15,460,523
pruned_recovered,OpenVINO,INT8,0.731,0.6778749159381301,0.9710982658959518,0.5206611570247929,504,15,464,519
pruned_recovered,OpenVINO,INT8,0.732,0.6743088334457177,0.9708737864077652,0.5165289256198342,500,15,468,515
pruned_recovered,OpenVINO,INT8,0.733,0.670723461798512,0.9706457925635988,0.5123966942148754,496,15,472,511
pruned_recovered,OpenVINO,INT8,0.734,0.6689234935680429,0.9705304518664029,0.5103305785123962,494,15,474,509
pruned_recovered,OpenVINO,INT8,0.735,0.6662143826322927,0.9703557312252944,0.5072314049586771,491,15,477,506
pruned_recovered,OpenVINO,INT8,0.736,0.664402173913043,0.9702380952380932,0.5051652892561979,489,15,479,504
pruned_recovered,OpenVINO,INT8,0.737,0.662585034013605,0.9701195219123486,0.5030991735537185,487,15,481,502
pruned_recovered,OpenVINO,INT8,0.738,0.6589358799454293,0.9698795180722872,0.4989669421487598,483,15,485,498
pruned_recovered,OpenVINO,INT8,0.739,0.6561859193438137,0.9696969696969676,0.4958677685950408,480,15,488,495
pruned_recovered,OpenVINO,INT8,0.74,0.6515775034293548,0.9693877551020388,0.4907024793388425,475,15,493,490
pruned_recovered,OpenVINO,INT8,0.741,0.6478679504814301,0.9691358024691338,0.4865702479338837,471,15,497,486
pruned_recovered,OpenVINO,INT8,0.742,0.6460055096418729,0.969008264462808,0.4845041322314044,469,15,499,484
pruned_recovered,OpenVINO,INT8,0.743,0.6385041551246533,0.9684873949579812,0.4762396694214871,461,15,507,476
pruned_recovered,OpenVINO,INT8,0.744,0.6328233657858132,0.9680851063829766,0.4700413223140491,455,15,513,470
pruned_recovered,OpenVINO,INT8,0.745,0.630404463040446,0.9699570815450622,0.4669421487603301,452,14,516,466
pruned_recovered,OpenVINO,INT8,0.746,0.625612316305108,0.969631236442514,0.4617768595041317,447,14,521,461
pruned_recovered,OpenVINO,INT8,0.747,0.6236860546601257,0.9694989106753792,0.4597107438016524,445,14,523,459
pruned_recovered,OpenVINO,INT8,0.748,0.6198172874209412,0.969230769230767,0.4555785123966937,441,14,527,455
pruned_recovered,OpenVINO,INT8,0.749,0.6159267089499644,0.9689578713968936,0.451446280991735,437,14,531,451
pruned_recovered,OpenVINO,INT8,0.75,0.6129943502824855,0.9687499999999978,0.448347107438016,434,14,534,448
pruned_recovered,OpenVINO,INT8,0.751,0.6110325318246106,0.9686098654708498,0.4462809917355367,432,14,536,446
pruned_recovered,OpenVINO,INT8,0.752,0.6080793763288443,0.968397291196386,0.4431818181818177,429,14,539,443
pruned_recovered,OpenVINO,INT8,0.753,0.6045519203413936,0.970319634703194,0.439049586776859,425,13,543,438
pruned_recovered,OpenVINO,INT8,0.754,0.6029935851746254,0.972413793103446,0.4369834710743797,423,12,545,435
pruned_recovered,OpenVINO,INT8,0.755,0.5989992852037166,0.9721577726218076,0.432851239669421,419,12,549,431
pruned_recovered,OpenVINO,INT8,0.756,0.5909417685118615,0.9716312056737564,0.4245867768595037,411,12,557,423
pruned_recovered,OpenVINO,INT8,0.757,0.5889128869690421,0.9714964370546296,0.4225206611570243,409,12,559,421
pruned_recovered,OpenVINO,INT8,0.758,0.5887445887445883,0.9760765550239212,0.4214876033057846,408,10,560,418
pruned_recovered,OpenVINO,INT8,0.759,0.5836350470673421,0.975786924939465,0.4163223140495863,403,10,565,413
pruned_recovered,OpenVINO,INT8,0.76,0.5795206971677556,0.9755501222493864,0.4121900826446276,399,10,569,409
pruned_recovered,OpenVINO,INT8,0.761,0.5768390386016019,0.9777777777777752,0.4090909090909086,396,9,572,405
pruned_recovered,OpenVINO,INT8,0.762,0.5705925384052666,0.977443609022554,0.4028925619834707,390,9,578,399
pruned_recovered,OpenVINO,INT8,0.763,0.5642909625275528,0.9770992366412188,0.3966942148760326,384,9,584,393
pruned_recovered,OpenVINO,INT8,0.764,0.5611192930780556,0.9769230769230745,0.3935950413223136,381,9,587,390
pruned_recovered,OpenVINO,INT8,0.765,0.5562130177514789,0.979166666666664,0.3884297520661153,376,8,592,384
pruned_recovered,OpenVINO,INT8,0.766,0.5562130177514789,0.979166666666664,0.3884297520661153,376,8,592,384
pruned_recovered,OpenVINO,INT8,0.767,0.5551443375277568,0.9791122715404672,0.3873966942148756,375,8,593,383
pruned_recovered,OpenVINO,INT8,0.768,0.551928783382789,0.97894736842105,0.3842975206611566,372,8,596,380
pruned_recovered,OpenVINO,INT8,0.769,0.5491071428571425,0.9813829787234016,0.3811983471074376,369,7,599,376
pruned_recovered,OpenVINO,INT8,0.77,0.5484351713859907,0.9839572192513342,0.3801652892561979,368,6,600,374
pruned_recovered,OpenVINO,INT8,0.771,0.5451829723674381,0.9838274932614528,0.3770661157024789,365,6,603,371
pruned_recovered,OpenVINO,INT8,0.772,0.544095665171898,0.9837837837837812,0.3760330578512392,364,6,604,370
pruned_recovered,OpenVINO,INT8,0.773,0.544095665171898,0.9837837837837812,0.3760330578512392,364,6,604,370
pruned_recovered,OpenVINO,INT8,0.774,0.5419161676646703,0.9836956521739104,0.3739669421487599,362,6,606,368
pruned_recovered,OpenVINO,INT8,0.775,0.5353383458646613,0.9834254143646382,0.3677685950413219,356,6,612,362
pruned_recovered,OpenVINO,INT8,0.776,0.5313207547169808,0.9859943977591008,0.3636363636363632,352,5,616,357
pruned_recovered,OpenVINO,INT8,0.777,0.5246398786959814,0.9857549857549828,0.3574380165289252,346,5,622,351
pruned_recovered,OpenVINO,INT8,0.778,0.5201520912547525,0.9855907780979798,0.3533057851239665,342,5,626,347
pruned_recovered,OpenVINO,INT8,0.779,0.5167682926829265,0.9854651162790669,0.3502066115702476,339,5,629,344
pruned_recovered,OpenVINO,INT8,0.78,0.5088122605363982,0.9851632047477716,0.3429752066115699,332,5,636,337
pruned_recovered,OpenVINO,INT8,0.781,0.5065234075211048,0.9850746268656686,0.3409090909090905,330,5,638,335
pruned_recovered,OpenVINO,INT8,0.782,0.5019245573518087,0.984894259818728,0.3367768595041319,326,5,642,331
pruned_recovered,OpenVINO,INT8,0.783,0.500770416024653,0.9848484848484818,0.3357438016528922,325,5,643,330
pruned_recovered,OpenVINO,INT8,0.784,0.4984567901234564,0.9847560975609724,0.3336776859504128,323,5,645,328
pruned_recovered,OpenVINO,INT8,0.785,0.49613601236476,0.9846625766871134,0.3316115702479335,321,5,647,326
pruned_recovered,OpenVINO,INT8,0.786,0.49419054996127,0.9876160990712044,0.3295454545454542,319,4,649,323
pruned_recovered,OpenVINO,INT8,0.787,0.4918541505042665,0.9875389408099656,0.3274793388429748,317,4,651,321
pruned_recovered,OpenVINO,INT8,0.788,0.4839968774395,0.9904153354632556,0.3202479338842972,310,3,658,313
pruned_recovered,OpenVINO,INT8,0.789,0.4839968774395,0.9904153354632556,0.3202479338842972,310,3,658,313
pruned_recovered,OpenVINO,INT8,0.79,0.4804381846635364,0.990322580645158,0.3171487603305781,307,3,661,310
pruned_recovered,OpenVINO,INT8,0.791,0.478056426332288,0.990259740259737,0.3150826446280988,305,3,663,308
pruned_recovered,OpenVINO,INT8,0.792,0.478056426332288,0.990259740259737,0.3150826446280988,305,3,663,308
pruned_recovered,OpenVINO,INT8,0.793,0.4756671899529039,0.9901960784313693,0.3130165289256195,303,3,665,306
pruned_recovered,OpenVINO,INT8,0.794,0.4724409448818894,0.9933774834437052,0.3099173553719005,300,2,668,302
pruned_recovered,OpenVINO,INT8,0.795,0.4700315457413246,0.99333333333333,0.3078512396694212,298,2,670,300
pruned_recovered,OpenVINO,INT8,0.796,0.4676145339652445,0.9932885906040234,0.3057851239669418,296,2,672,298
pruned_recovered,OpenVINO,INT8,0.797,0.4676145339652445,0.9932885906040234,0.3057851239669418,296,2,672,298
pruned_recovered,OpenVINO,INT8,0.798,0.4651898734177211,0.9932432432432398,0.3037190082644624,294,2,674,296
pruned_recovered,OpenVINO,INT8,0.799,0.4603174603174599,0.9931506849315034,0.2995867768595038,290,2,678,292
pruned_recovered,OpenVINO,INT8,0.8,0.4566428003182176,0.993079584775083,0.2964876033057848,287,2,681,289
